label,sentence
1,クリエイターと読者が創るソーシャル時代の電子書籍サービス「Yomuca」
2,韓国で最高視聴率を記録したドラマが、韓国家庭料理とタイアップ
2,ジョニデ＆バートン監督が贈る“フツー”じゃないファミリーとは？
2,女子高生シンガーのKyleeが「美人映写技師との恋」を描いた映画の主題歌担当に
2,レオ様が老人に？　監督でさえ気付かなかった姿を公開
2,【プレゼント】1番悪いヤツは誰なのか、北野武監督最新作『アウトレイジ ビヨンド』試写会にご招待
1,微妙な知り合いからの友達申請に有効なFacebookワザ【知っ得！虎の巻】
0,ゲレンデでもう恋は生まれない？ 独女世代のスキー場離れ
2,女だらけの地球防衛隊「チームＵ」にAKB48選抜メンバーが就任
2,FBI 最後の望みは“天才犯罪者”
0,スイーツ番長とフードコーディーネーターが推奨！「スイーツをより楽しむコツは、“ウーロン茶で口の中の油をリセット”すること」
0,大人女子がスカートの下に秘めるべきものとは？
1,DL罰則化の動きが気になる！　ネットで盛り上がった話題を振り返る【ITフラッシュバック】
1,AKB48の広告が動き出す HPのAR広告キャンペーン【デジ通】
0,女の本音全開！「彼氏にドン引きした○○な瞬間」
0,現役ホステスに聞く、一番人気のホステスとは？
0,【オトナ女子のリアルな悩み】別れた不倫相手から復縁を迫られています
2,城田優の宝物は、片瀬那奈「上から下まで全部」
2,壮大な世界観と魅力的なキャラクター、『ジョン・カーター』特別映像を先行公開
2,沢尻エリカ、真紅のドレスで脚線美を披露
1,あと40cm高い津波で原発事故？孫社長が明かした東海村の怖い話
2,"ミラ・ジョヴォヴィッチVS中島美嘉！『バイオハザードV』の“死闘”映像に6,000人が熱狂"
1,定番スキャナがiPhone＆スマホに対応！　iPhoneやAndroidからスキャンできるScanSnap登場
2,『アリス・イン・ワンダーランド』スタッフ最新作は、“戦う”白雪姫
1,ネットがなくても動画がスイスイ見られるスグレモノ【iPhoneでチャンスを掴め】
2,脚本にセリフなし？恋人同士のある1日を“即興”で描く新感覚の注目映画
0,正しい知識と理解を！ ブライダルチェック
0,乾燥する季節、妄想女子の乾いた心を潤すオトコたち
2,ロングラン上映なるか？　『猿の惑星』が好発進
2,【DVDエンター！】倉科カナが“セイシをかけた”日韓バトルに挑む
1,検出率9割超はごくわずか！Android用アンチウイルスソフトの比較テスト 【役立つセキュリティ】
1,英単語をイメージ化して覚える！全単語イラスト付きのワードスケッチTOEICテスト【iPhoneでチャンスを掴め】
0,【オトナ女子映画部】“友達”と“恋人”の境目はどこにある？『ステイ・フレンズ』
0,なぜ女性は30代になるとお酒が好きになるのか？
1,お気に入り写真がアイコンに！　写真フォルダー分類術【知っ得！虎の巻】
1,プレゼンのジェスチャーの参考に！ AMD CEOのパワフルなプレゼンテクニック【デジ通】
2,「報道カメラマンは法を犯してもかまわない」“ニッポンの嘘”が暴かれる
2,AKB48派生ユニット『渡り廊下走り隊』、再び監禁
1,3姉妹の成長を瞬間的に捉えた妖艶で可憐な世界観
0,増殖する？ 羊系男子の実態は？
1,あの有名漫画が無料で読める！　ニコニコ静画で少年ジャンプ作品の無料配信を開始
0,「持っている」彼女たちは、何を持っているのか？
2,【週末映画まとめ読み】観るのは「純愛」か？それとも「スパイアクション」か？
2,全世界63ヶ国で1位獲得『ワイルド・スピード MEGA MAX』が早くもブルーレイ＆DVDに
0,メンタルトレーニングで仕事力、そして恋愛力もアップ！？
0,男女間で“カワイイ”の基準が異なる理由
1,旧式Macで禁断のパワーアップ！最新PCやソフトを一挙にチェック【ITフラッシュバック】
2,食べて、呑んで、映画を観れる『東京ごはん映画祭』が今年も開催
2,第24回東京国際映画祭作品ガイド＜natural TIFF部門＞
2,『ニューイヤーズ・イブ』のワールドプレミアに豪華キャストが勢揃い
2,【編集部的映画批評】阿鼻叫喚の地獄に飛び込む勇気はあるか？キング・オブ・トラウマ映画  『ムカデ人間2』
2,セクシー女優Rioが映画初主演、『愛』や『性』を通して赤裸々に描かれる生き様
0,40代で考える、男女の友情
2,映画『ベルセルク』、スフィアから豊崎＆寿の出演が決定
2,全長500メートルの巨神と戦う、ド迫力の無料オンラインゲーム登場
0,「変わらないね」のひと言に感じるコト
2,イ・ビョンホンら『G.I.ジョー』キャストに会えるチャンス！豪華W特典付き前売り券が発売
0,実家の母さえいたら夫はいらない！？
0,新しい結婚の形？「事実婚」とは実際どんな制度なのか
1,NFCがバイクの鍵に？ COMPTEX TAIPEIで見つけた面白ガジェット【デジ通】
1,ふぉっくす紺子だよ！暑中お見舞いカードもらってくれてありがとー【紺子にゅうす】
1,手ぶらでタブレット！これぞ本当の自由を実現するモバイル活用アイテム登場
0,仕切り屋女子vs他力本願女子　それぞれの憂鬱
2,高所恐怖症のサム・ワーシントン、地上60mの“崖っぷち”で恐怖体験
1,24日はアキバへGo！Ultrabooker.jp専用ブースでオリジナルグッズを当てよう
1,いい大人が癒やされたくなった！ スマートペット育成記 （1）【デジ通】
0,くさったよめがあらわれた！vol.01「秋の夜長の妄想三昧」 presented by ゆるっとcafe
1,七夕の願いは済んだ？　短冊に書かれたユニークな願いが話題に
1,ThinkPadのACアダプタはどうなる 太いコネクタが薄型化のネックに【デジ通】
1,英語で地理が勉強できる！世界クイズアプリ！【iPhoneでチャンスを掴め】
2,“素敵なパパタレント”井戸田「思っていることをちゃんと伝えるのが大事」
1,その圧倒的な画面の美しさ！新しいiPadは絶対買い 【デジ通】
1,残暑見舞い挨拶の簡単挿入や書式の再利用　文書をカッコ良く効率的に作るWordの小技集【知っ得！虎の巻】
0,女医が教えるオンナの体のウソホント vol.11「女性器なんてみんな違って当然！」presented by ゆるっとcafe
1,関西KDDI強し！2ヶ月連続で純増No.1に続く、さらなる一手
1,ファイル整理に役立つ！　カメラの情報表示【知っ得！虎の巻】
0,独女世代が共感「最後から二番目の恋」で描かれる「大人の孤独」
1,「隠れSATAポート」を活用！eSATAによる外付けに挑戦 - 続インテル SSD 520をMacに装着 (上)【デジ通】
1,国内向けスマホではアップデートが提供されない端末も！ Android端末選択指南【デジ通】
1,世界を選んだ写真家たち！RING CUBE写真展「OVERSEAS 2012」を開催
2,『ハリー・ポッター』からの卒業。エマ・ワトソンがセクシーダンスを披露する新作予告が公開
1,スレートPCとスピーカーをセットで！「feel Windows」オープン記念第三段！
0,奇跡の花が販売再開、青いバラの伝説とは？
0,通話料金が安くなるスマホアプリが登場！
2,「はやぶさ」が“かなり飛び出る3D駅貼ポスター”、都内に登場
0,将来のために、何かあったときのために貯金＆運用をする独女たち
1,愛される英王子　裸で敬礼！ ハリー英国王子に対する英国軍人の大いなる愛
2,【終了しました】サッカー強豪国ドイツの知られざる真実とは？ 『コッホ先生と僕らの革命』試写会にご招待
0,自転車女子、はじめました vol.07「レンタルバイクを活用せよ！」Presented by ゆるっとcafe
2,人間と共存する“操り人形”がハリウッド殿堂入り
2,『アベンジャーズ』が3週連続1位、ディズニー史上最高記録を達成
2,世界で最も美しく、最もセクシーな“美魔女”が来日決定
1,大人気Ultrabookが作れる！　親子で体験!! デル パソコン組み立て教室5回目の開催が決まる
0,目指すはローラ!? 誰でもタメ口キャラは独女に有効か
0,どこまで付き合う？付き合わせる？男と女の行動範囲
2,米軍や自衛隊がエイリアンと戦闘！『バトルシップ』の特報映像がWEBでいち早く解禁
1,揃いの色や柄、オリジナルプリントで一体感！ポロシャツのプロが運営するユニフォームタウン
1,起動を高速化！　いらないアプリはスタートアップから外す【知っ得！虎の巻】
1,おはこんこん！紺子ぬいぐるみ、まんまるなお目々で進行中です【紺子にゅうす】
1,IE9のタブに表示中のWebページをサムネから切り替えるワザ【知っとく・虎の巻】
2,次世代ジェットコースター・ショッカー・ミステリー！　『スクリーム4』がブルーレイ＆DVDになって登場
1,その正直さかっけーっす！ Transcend Japan公式Twitterアカウントの“漢”さ
0,男性の言い分「独女の食事スタイル、ここが納得いかない！」
1,簡単にシステムキャッシュのサイズを変更！ CacheSetで最適な仮想メモリーを設定する【PC快適術】
2,構想2年、機能性バツグンの“バットマン”メガネが登場
2,意外と使える海外ドラマ『弁護士イーライ』のビジネス術「情報に含まれる“心”を読み取れ！」
2,インタビュー：斉藤和義「音楽バカのカッコ良さを喰らいやがれ！」
1,少し古いマシンに向くSSD登場！ マイクロンよりSATA2.0に最適化されたSSD
0,タンスの肥やしがサイフの糧に!?  最新の買取りサービスの実力とは
0,あなたの下着は透けてない？ 背中やお尻にご用心！
2,ナイナイ岡村、自分は破談するも「お見合い番組」で恋を応援
0,2012年 独女たちの結婚観とは
1,おはこんこん！紺子ぬいぐるみ、7月頃に出来上がるよ【紺子にゅうす】
2,【編集部的映画批評】おぞましい“先生を流産させる”映画の盛況の秘密とは
2,中川翔子がジャッキー作品の吹き替えキャストに選ばれる
1,いよいよ開業間近！ 東京スカイツリー観光に行くなら「東京スカイツリー Navi」がオススメ！【iPhoneでチャンスを掴め】
0,独女が子役にハマる理由
0,不満だらけのランチタイム、ココを変えたい！
1,衆院を通過しカウントダウン開始！　違法ダウンロード刑罰化改正法案
0,離婚歴のある男性との交際、過去はやっぱり気になるもの？
2,『ロード・オブ・ザ・リング』ファン必見、ついに壮大な冒険が始まる
1,本当に稼動するのですね。凄い！孫社長 メガソーラーの状況を報告
0,自転車女子、はじめましたvol.03「ニコタマポタガール!？」Presented by ゆるっとcafe
2,アメリカを支配した男の禁断の半生が明らかに、『J・エドガー』本予告映像＆US版ポスターが公開
0,ドクター圭子の知らなきゃケガするオトナの医学 vol.3〜Presented by ゆるっとcafe〜
1,3割近くがタブレットを所有 価格.comリサーチによるタブレット所有リサーチ結果
1,Windowsユーザーにはイマイチ？ アップルの「iCloud」【デジ通】
1,超薄Ultrabookに両面液晶ノート！ COMPTEX TAIPEI 2012が開幕【デジ通】
1,Kepler最新モデル登場！　深夜販売も行われたNVIDIAの最新GPU「GeForce GTX 660 Ti」
0,【オトナ女子映画部】20人以上と寝た女性の96％が未婚？！『運命の元カレ』
0,2011年の独女事情総まとめ座談会(前編)
2,全米No.1映画『リアル・スティール』の予告＆ポスターが公開
1,同じ趣味の人を紹介し合おう　Facebookで広げる友達の輪【知っ得！虎の巻】
0,男が好む「寝ながらTV」の対処法とは？
1,違法ダウンロード刑罰化の次は通信の秘密に踏み込む音楽権利団体
0,運命の一着に出会う、もっとも簡単な方法とは？
2,【2011下半期アワードvol.2】故・林由美香さんの生き様をとらえた奇跡の映像
0,日本人には良い油＝“フィッシュオイル”が足りていない！？
1,プラチナバンド期待してます！孫社長”頑張ります”
2,二股女を演じたリース・ウィザースプーンって何者なのか
0,東京で働く独女が震災以降変わったこと
1,マイクロソフトのタブレットPC　Surfaceは売れるのか？ 【デジ通】
2,【元気東北・山形編】田舎がないのに懐かしいと思ってしまう理由
1,スマホ用電子書籍ビューワが凄い！電子書籍の配信ソリューション「book-in-the-box」
0,勘違いしちゃった！ 罪な男の行動
2,ケロロ軍曹が貞子に！？　恐怖のコラボ第2弾が決定
2,【いちおう妖ヶ劇場】第3話：「悪魔（グレムリン）＝日本人」は、あくまで噂ですからの巻
2,ありえないほど“最強”なヒーローが集結、『アベンジャーズ』日本版キャラクター画象が公開
1,なんだ、そうだったのか！Googleロゴが四角い建築である理由
2,世紀のディズニー・スペクタクル巨編『ジョン・カーター』のポスターが公開
1,電子ブックリーダー「kobo Touch」の実機が見られる！楽天が大手書店と連携した理由
2,怖いよ〜！ ティータイムに貞子が襲ってくる
1,懐かしのヒーローが続々！　名アニメーターが描くヒーローイラストが話題に
1,価格が安価で矯正を気づかれない！綺麗な歯並びになれる、歯列矯正の最前線
2,風で純白のスカートがふわり、あの名シーンが究極の映像で復活
2,悪魔も恐れるあの“燃焼系”ヒーローが還ってきた！ニコラス・ケイジ主演『ゴーストライダー2』公開日&特報予告が解禁
1,Facebookドリームから飛び出した19歳！驚くほどパワフルな写真の秘密を探る【新写真空間】
1,Macもウイルスに感染 絶対安全なOSは存在しない【デジ通】
0,精神的ないじめ「モラハラ」の恐怖とは？
0,2011年婚活模様はどうなる？
1,新感覚UIを体験せよ！今話題のTODOリストアプリ「Clear」【iPhoneでチャンスを掴め】
2,スピルバーグが挑む“感動”の物語、『戦火の馬』の日本版予告映像＆ポスター公開
2,美少女・橋本愛が声優に初挑戦「初めてだからできないのは当たり前！」
2,ジョージ・クルーニー主演映画、脚色賞を受賞
1,ハゲ頭を言い訳にしたことはない！孫社長 失礼な発言に大人の対応
2,小栗旬は“使えない若者”、映画『キツツキと雨』の特報映像公開
0,独身男性は独女より人妻と遊びたいってホント？
1,アナタはもう見た金環食？　あいにくの天気だった人はネットで楽しもう！
1,例のあのメニューも！ニコニコ超会議のフードコートメニュー14種類紹介（前半）
0,女性に人気・Echikaのキャンペーンサイト＝「エチカちゃんクラブ」がオープン
1,ドコモでも同じ結果では？孫社長 SB幻滅発言に猛反論
2,綾波レイ&アスカが人気キャラクターとコラボ
2,YOSHIKI、ゴールデン・グローブ賞授賞式でテーマ曲披露「感無量でした」
1,人気の音ゲーここにあり！ 上手にリズムを刻む心地さがここに「jubeat plus」【iPhoneでチャンスを掴め】
0,3人に2人は彼氏ナシの恋愛超氷河期、あなたの恋愛偏差値は？
0,女どうしでもなかなか聞けない！ アンダーヘア、どうしてる？
0,大震災をきっかけに考える。在宅勤務はアリかナシか？
2,エイリアンに容赦なく狩られるカウボーイ、『カウボーイ＆エイリアン』特別映像を公開
0,独女的映画レビュー vol.11　『食べて、祈って、恋をして』
2,インタビュー：長野じゅりあ「世の男性にもっと強く、男らしくなって欲しい」
0,【オトナ女子映画部】すてきなクリスマスを・・・『ラブ・アクチュアリー』
1,スマートに一体化！GALAXY Noteを無敵化するバッテリー内蔵ケース【イケショップのレア物】
0,女医が教えるオンナの体のウソホント vol.8「イイ婦人科の見つけ方」presented by ゆるっとcafe
0,欲しくなったときが適齢期？ わたしたちの高齢出産
1,Windowsトラブル時にデータを救出！Ubuntuの便利な機能アレコレ 【デジ通】
2,『スター・ウォーズ』や『アバター』に多大な影響を与えた世紀の大作、注目度No.1俳優が登場
0,女医が教えるオンナの体ウソホント vol.5「どうしたらＨが気持ちよくなるの？」
1,はるかぜちゃんかっけー！ togetterまとめを使ったはるかぜちゃんからのメッセージ
1,128GBのBDXL対応ドライブが登場！最小・最軽量のポータブルドライブ
1,何よりも大切な宝ですね！孫社長の幸せ発言がネットで話題
0,失敗しないために！　婚前同棲は必要か？
2,【週末映画まとめ読み】海外ドラマから学ぶ“女性の偽造”を見抜くポイントとは
1,入力し直し不要！　Excelで表の行と列を入れ替える【知っ得！虎の巻】
1,Ubuntuをもっと「Windows的」にしたい！ デスクトップのシェルを変更する【デジ通】
2,“家族愛”の優しい雨が降り注ぐ『おおかみこどもの雨と雪』
1,人気のスマホに強い味方！ドコモ GALAXY NEXUS SC-04D用大容量バッテリー【モバステ通信】
1,投資に必須の知識が無料で学べる！ iPad用アプリ「QUICK投資情報館」がオススメ【デジ通】
2,インタビュー：ウォンビン「お互い寄り添うように助け合う愛もある」
2,『ワイルド・スピード MEGA MAX』の“メガ・マックス”な楽しみ方
1,装着場所が無いならサンバイザーだ！サンバイザーに装着するホルダー【イケショップのレア物】
0,女子が嬉しいホメ言葉、嬉しくないホメ言葉
1,2012年夏モデルも紹介！　新しいネットサービスから新型CPUネタやiアプリまで【デジ通】一気読み
1,東山正宜と石井ゆかりが織りなすロマンテックな都会の星！GR DIGITAL IVでも撮れる秘密とは？【新-写真空間】
0,彼に話してもいい「過去」のボーダーラインは？
2,『ウルトラマンサーガ』主題歌、AKB48派生ユニットDiVAの新曲スポットが解禁
2,【2011下半期アワードvol.4】やっぱり、ジェニファー・アニストンはセクシーだった
2,″ナチスが月から降ってくる″トンデモSF映画『IRON SKY』がまさかの日本上陸か
1,圧倒的No.1のゲームPCブランドを目指す！ドスパラがPCの新ロゴを発表【ITフラッシュバック】
1,GIGABYTEマーケティング部門副部長が語る！アキバで見たシニア世代に感動
2,【終了しました】堺雅人が“伝説の殺し屋”になって大ピンチに！『鍵泥棒のメソッド』一般試写会にご招待
0,「昇進」に病む独女世代
2,二股をする気持ちもわかってしまう映画
2,15歳の天才空手美少女が映画デビュー「気分はシンデレラ」
2,【いちおう妖ヶ劇場】第16話：“トランスフォーム”はしない、何せ偽物ですからの巻
2,270万部突破「図書館戦争」シリーズが映画化、主題歌はBase Ball Bear「初恋」
0,独女的映画レビュー vol.5　『イン・ハー・シューズ』
1,HTPCも作れるMini-ITXマザー登場！ZOTAC D2700-ITX WiFi Supreme
0,スマートで美しい“サイフ美人”はロンドンっ娘！ その理由はカードにあり！
0,【オトナ女子映画部】恋愛ドラマを2部構成にした理由とは？ 『僕等がいた』後篇
0,あの頃に戻りたい…。戻りたいのはいつ？
1,コペルニクス的転回的なGPU登場！ITニュースの1週間を振り返る【ITフラッシュバック】
2,天海祐希が“奇跡の子役”に「母のような気持ち」
1,一連の流れを紹介！ Google playで出回った不審なAndroidアプリ問題
2,【週末映画まとめ読み】『となりのトトロ』の驚きの裏設定を知っていますか？
2,全世界が恐怖した“超常現象”再び！驚愕の真実に迫る『パラノーマル・アクティビティ4』がついに解禁
0,映画を観ながらダイエット！「映画ヨガ」をカンタンに学べる無料動画が公開中
2,ザック・エフロン、映画『ニューイヤーズ・イブ』PRのため来日決定
1,まだスーパーマルチなアナタに！　薄型のポータブルBDドライブが登場
2,ヨンア「タンタンのように勇気のある男の子がすごく好き」
2,オダジョーとチャン・ドンゴンは息ぴったり、釜山国際映画祭に登場
1,写真でみる世界最軽量Ultrabook！新情報が目白押しの1日を振り返る【ITフラッシュバック】
0,世界中で「カワイイ」日本が人気らしい
2,"ヤラセ番組のつもりが本当の恐怖に！　動画サイトで再生回数2,100万回突破の超常現象映像"
1,マルチデバイスでしおりを同期！電子書籍の便利な機能【デジ通】
1,旅行・出張先のホテルでネットを無線化！ポケットルーターをタダでもらおう
1,こんこん、ふぉっくす紺子だよ！ミニうちわも企画中だよ【紺子にゅうす】
2,ディズニーの総力を結集した夢の映像プロジェクトがパッケージ化
0,おトクに断捨離できちゃう進化形の買取サービス
2,【編集部的映画批評】アメリカのお父さんは極端に万能もしくは無能
2,政治家から電話殺到！ 米軍特殊部隊をリアルに描いた映画が日本上陸
2,剛力彩芽が収録現場でハプニング「夢は宇宙人になること！」
0,【オトナ女子映画部】しらふで男性と関係が持てないアラフォー女性「恋愛依存症」
0,【オトナ女子映画部】恋に恋する15歳の少女が見せる強い母性『ヒミズ』
0,6月19日は父の日！今年は「親飲み」がおススメ？
1,脳科学者 茂木氏も登場！教育とテクノロジーの祭典を開催へ
1,Facebookのコメントを読みやすく！　文の途中で改行するワザ【知っ得！虎の巻】
2,DAIGO、33歳でウルトラマンにオファーされたのは想定外
0,彼いない歴10年独女、「電話占い」を試す！
2,“恐怖の顔”に変身した人気女性タレントは誰？
2,制限時間は27時間！　トム・クルーズに与えられたミッションとは
2,2200万再生を記録した“恐怖すぎる”予告映像の日本版登場
0,あなたは何様ですか？
2,森山未來＆長澤まさみがサプライズ登場、「モテキナイトFINAL!!」大盛況のうち終了
2,香里奈と向井理が相思相愛！？ 映画『ガール』完成披露で豪華キャスト登場
2,【DVDエンター！】童貞とビキニ美女のセイシをかけた戦い
1,Ultrabookにモバイルノートに最適！　厚さ9ミリUSB3.0対応のポータブルHDD「カクうす9」
1,本日のGoogleロゴはプレイ可能なハードル　Googleロゴがスポーツ関連画像に変化第八弾
1,パチンコ店でも通話がクリア！電話としてのau最新スマホの音声を徹底チェック
2,雨上がり決死隊の宮迫が、息子と対決
0,タニタに続き、第二弾！ 話題の社員食堂は家庭薬膳
2,テイラー・ロートナー主演映画で“脱アイドル”か
0,嫉妬で彼を束縛していませんか？
2,動画インタビュー：アンバー・ハード「ホラーファンは世界最高」
2,【いちおう妖ヶ劇場】第15話：バカ映画ばっかつくって何が悪いの巻
1,ピークシフト機能がさらに進化 パソコンの節電も高機能へ【デジ通】
0,【オトナ女子映画部】檀れい演じる“痛カッコイイ女”に注目『ガール』
2,挫折、蒸発、引きこもり…、“2012年最も活躍が期待できる新人”が“絶対アニメ化できないマンガNo.1”映画主題歌に異例の起用
2,片腕を奪われた少女を五体満足の女優が演じる方法とは
1,高品質なレッツノートの工場！開発現場並みの検査施設【デジ通】
2,恐怖顔であなたをみつめる戦慄の“人面つけ麺”
2,櫻井孝宏と行成とあが番組をジャックしてベルセルクトーク
1,PCを使いこなす小技が満載！　裏技やOffice系アプリ使いこなしまでを振り返る【知っ得！虎の巻】
2,沢尻エリカがしっちゃかめっちゃか、掟破りの特報映像が公開
2,スパイダーマンが地上75メートルの通天閣をクライミング
2,中国武術の源流「少林拳」の強さの秘密に迫る“3つの極意”
0,“大きいほう”のお悩みは　「こくみん腸査」でスッキリ！
1,アップル、デベロッパプレビューをリリース！次期Mac OS X「Mountain Lion」が明らかに
2,映画『荒川アンダー ザ ブリッジ』より“俺のスターアルバム”発売決定
0,正直な貯金額、人に言えますか？　Presented by ゆるっとcafe
1,タブの多段表示やウィンドウのシングル表示　Firefoxを強化しよう【知っ得！虎の巻】
2,イギリス発のナンセンスコメディが日本上陸、イメージソングはmoumoonに決定
1,町会議ラス前開催は福島県！　ニコニコ町会議in 福島県三春町の詳細決定
0,ブロガーから大きな支持を得たスキンケアアイテムとは
0,今の世の中に、男らしい男がいないのはなぜ？
2,長澤まさみの胸元にハートがバクバク、モテキ「みゆきの部屋＆るみ子の部屋」
2,若手ハリウッド女優たちが顔をゆがめて三三七拍子、『スクリーム4』の絶叫映像が公開
0,一度参加すればハマる？　噂の“街コン”に参加してみた！
1,「リーダー」機能は意外に便利！ iOSのSafariを上手に使う方法【デジ通】
0,独女がついつい見栄を張ってしまうとき
0,家飲み女子の手料理自慢
0,長男の彼女or嫁にはやっぱり覚悟が必要？
2,「ほぼ日」が夜10時からのネット試写会に2000人＋友達を招待
1,なんだこの不思議な空は？　神奈川周辺で見られた不思議な空が話題に
0,男性の家に上がったのに「その気がない」女性はアリかナシか？
0,滞っている仕事をパパッと済ませるには？
0,本心を言わないのは思いやりか？
1,リミッター解除のグラボ登場！MSIよりクロックアップの制限を解除したRadeon HD 7970搭載カード
2,【2012年先取り映画vol.8】渡辺謙、リーダーシップはあるが嫌な奴に
1,117万2132件の動画中最高の1本！ニコニコ動画「第4回動画アワード」グランプリ作品決定
0,時間の流れについていけない独女たち
0,【オトナ女子のリアルな悩み】転職を繰り返してしまう40代女子の本音
2,【週末映画まとめ読み】夏だ、プールだ、映画館だ！MOVIE ENTER夏映画特集2012がスタート
2,ミスチルが書き下ろした主題歌とともに、初恋の出会いを綴る
1,auスマホの新モデルを5秒で解説！「au発表会2012 Summer」速報
0,何故、女は韓国に魅了されるのか？ Presented by ゆるっとcafe
0,アナ スイ コスメティックスが本気を出した!? 噂の新製品＆限定品をさっそくチェック
2,老若男女が熱狂したディズニーのミュージカル映画、アカデミー主題歌賞を受賞
2,【特別映像】“鉄の女”マーガレット・サッチャーの栄光と挫折
0,ダイエット不要！ぽっちゃり系の時代が到来！？
2,おバカすぎるヒロインもご愛嬌！ イケメン部長に癒される映画『ホタルノヒカリ』
2,柳沢慎吾、初参加のカンヌ映画祭でも余裕の発言「ベンもクリスも俺より年下」
0,2010年！ 女性たちの頑張り＆プチ自慢に拍手を贈ろう！
2,【速報】「第84回アカデミー賞」、注目の“映画愛”対決は『アーティスト』が制す
2,「恋の吊り橋理論」を試すなら、史上最叫の3Dアトラクション・ホラー『ファイナル・デッドブリッジ』をチェック
0,寂しいとき、独女たちはどうしている？
2,映画『るろうに剣心』、主人公のライバル役に江口洋介、吉川晃司、香川照之
0,何をしても「満たされない」その理由は？
1,人の役に立って奨励金まで貰える！島村氏が「NAVERまとめ」の魅力を語る
2,吉高由里子、監督からの手紙に感激「泣いている姿の写真撮られたくない！」
2,エイリアンの生態を徹底解剖！世界一の映像チームがつくる緻密な造形美術
2,『アバター』を抜くか？　“最強”ヒーローが勢揃いの日本版オリジナルポスター公開
2,2012年に映像革命が起こる、『ロード・オブ・ザ・リング』の前章『ホビット』の公開が決定
2,最強コンビに忍び寄る影の正体とは？　『シャーロック・ホームズ』最新作ポスター公開
2,インタビュー：有森裕子「お互いに嘘は無い、それは確かなこと」
2,ロサンゼルスでトワイライト現象！映画のために5日間テントで泊まり込み
2,SFなのにリアル！ 話題の海外ドラマ『THE EVENT／イベント』がスゴい理由
0,まるで妊婦！？　モデルの7割が悩む「ポッコリお腹」
0,続ける? 使い分ける? Facebook、Twitter……SNSの今
2,『機動戦士ガンダムUC』最新作の主題歌に、新人が異例の大抜擢
0,独女流、野球場の楽しみ方とは？
2,イラン映画として初のオスカー、外国語映画賞を『別離』が受賞
2,【DVDエンター！】誘拐犯に育てられた女が目にした真実は、孤独か幸福か
1,ある日突然犯罪者扱いに？　無許可ダウンロードの罰則化が引き起こす問題
1,その被害は数百万人以上？ 個人情報ぶっこ抜きの不審なAndroidアプリの顛末
2,独占入手！「センター・オブ・ジ・アース」のゲームを先行プレイ
2,天海祐希がハリウッド進出、『リアル・スティール』で実写映画の吹き替え初挑戦
1,スマホ対応も進んで続々と機能アップ！進化するクラウド型ストレージサービス【デジ通】
2,沢尻エリカが約４年半ぶりの女優復帰「いい女って何だろう？」
2,小栗旬がゾンビ映画を手掛ける？　必見の予告映像が公開
2,基礎から勉強しよう！ 初心者でもわかる「東京国際映画祭」ガイド
0,【オトナ女子映画部】1年の始まりに“どう生きるか”を考える『永遠の僕たち』
1,より強く！より最強に！ 無敵Galaxy Noteをさらに強くする【イケショップのレア物】
0,加藤茶と恋愛できますか？「超年の差婚」に対する世間の厳しい本音
0,仕事、遠距離恋愛……。会えない時間で愛は育つか？
2,アン・ハサウェイが完璧なボディ披露！　“美しすぎる”キャットウーマンの新ビジュアル公開
1,話題の最新スマホの予約日が決定！ドコモ、MEDIAS X N-07Dを発売へ
2,原発が日本にとって必要なのか、そうではないのか問う
2,坂下千里子、イケメン俳優のキスにメロメロ
2,【プレゼント】40年前の“笑い”が蘇る！第5回したまちコメディ映画祭in台東“ザ・ドリフターズ特集”にご招待
1,着実な資産形成をイメージできる！ 日興アセットの「お金計算機」【デジ通】
1,旧マシンを二台のSSDで超加速！　超寿命高速SSDとRAIDカードでシステムを爆速化
0,ねむれないお年頃にご用心！〜Presented by ゆるっとcafe〜
1,敗者は去れ？ 再挑戦を認めるか認めないかで荒れるクラウドファンディング「studygift」
1,え？これ食べれるの？　海外のバースデーケーキの見事さが話題に
1,「すぐつく」の機能は微妙に異なる！テレビ機能の競い合い続く国産PC【デジ通】
1,うちにもプラチナバンドが来た！　ソフトバンクのプラチナバンド帯が徐々に拡大中
2,『スパイダーマン』新ヒロインのエマ・ストーン「素敵なキスシーンはあります！」
1,プレイ可能なGoogleロゴ第三弾！　Googleロゴがスポーツ関連画像に変化第十弾
1,普通の中学で学んだ程度でした！孫社長が明かした若き日の英語力
1,官民連携で進化するセキュリティ人材の発掘・育成 【役立つセキュリティ】
0,バレンタインに観たい映画『エターナル・サンシャイン』
1,ソーシャルメディア戦略を加速！グリー、GREE TV（仮）を開発へ
0,アイドル戦国時代到来！　もし彼がアイドルヲタだったら…？
2,【編集部的映画批評】孤独な英雄の苦悩、リーダーに求められる資質とは
0,【オトナ女子映画部】歳を重ねても輝ける女性は何が違うのか？『デンジャラス・ビューティー』
2,貞子が“3D”でも満足できずに“4D”へと呪いを増幅
0,「清潔感のある女」ってどんな女？
0,結婚相手に妥協できるものできないもの（女性編）
1,聞こえてきたIVY Bridgeの足音！GIGABYTEがCeBIT 2012でIVY Bridge対応マザーを展示
1,孫社長が新スマホを大々的に宣伝！放射線測定スマホを開発した理由
1,こんこん、ふぉっくす紺子です！MMD動画、配信中です【紺子にゅうす】
2,「スター・ウォーズ3D」のポスター公開！ダース・モールのライトセーバーが輝く
2,剛力彩芽が笑顔を封印し、泥メイクに挑戦
1,Appleとの一騎打ちに死角？スマホシェア1位Samsungが抱える激動の2012年【世界のモバイル】
0,夏に照準を合わせた健康美の目指し方
2,【週末映画まとめ読み】男女問わず“萌え死”させる、綾瀬はるかの魅力
0,独身女のひな祭り
1,次世代セキュリティソフト「ノートン360 v6」を徹底検証！ITライフハック編集長が使ってみた
0,自転車女子、はじめました vol.01　Presented by ゆるっとcafe
0,ただの女友達と好きな女の境界線
1,これは気づかなかった！古いノートPCがWebテレビに格安で変身する裏技
0,【オトナ女子映画部】結婚相手は“見た目”で選ぶな！「百万長者と結婚する方法」
0,【オトナ女子映画部】たくさんの荷物を抱えて疲れてしまったアナタへ『しあわせのパン』
2,世界の巨匠・スピルバーグ最新作と関西の巨匠が異色コラボ
1,快適化前に最低限しておきたい設定【PC快適術】
1,Zeroから戻す方法も簡単に！　昨日より一般会員もZeroが利用可能に！
1,iPhoneやiPadが目ざまし時計になるユニークなガジェット登場！
0,バンギャの切なく重い愛!? Presented by ゆるっとcafe
0,結婚後のクリスマスはどう過ごす？
2,映画『タイタンの逆襲』の予告映像を公開、魔物たちとの壮絶なバトルは必見！
2,インタビュー：三池崇史監督「市川海老蔵は大物、三船敏郎さん以来の衝撃」
1,これじゃない感バリバリ！　ファミマの初音ミクコラボ肉まんが話題に
0,【オトナ女子コミック部】最強“バカ枠”女子のお仕事マンガ『チャンネルはそのまま！』
0,将来「イクメン」になる男性って、どんなタイプ？
0,家庭志向の女はもうモテない!?　最近の男が結婚したいのは「ちゃんと稼げる女」
0,オトナ女子たちの圧倒的支持をうけ、ドラマ10『はつ恋』の一挙再放送が決定！
1,いつでもどこでも自分専用環境！Windowsトラブル時にも使えるUbuntu【デジ通まとめ】
2,藤原竜也、杏ら日本の俳優のスケールでは宇宙に行けない
0,「突撃！隣の晩ごはん」のヨネスケが今度は「OLの昼ごはん」を突撃レポート開始！
2,『レオン』『ニキータ』に次ぐ新たな最強ヒロインが誕生
1,入社3年後の定着率9割以上！孫社長の雇用発言がネットで話題
2,15歳の天才空手美少女「デビュー作を見てもらえることにワクワクどきどき」
2,衝撃の実話、世界最強の特殊部隊と世界最高の暗殺者が対決
2,スーパーヒーローが派手なコスチュームを着用する意外な理由
2,マリリン・モンローを演じてアカデミー候補！　ミシェル・ウィリアムズ来日決定
1,2D動画を3Dに変換！Webから動画ダウンロードもできるソフトのレビューアー募集開始
0,独女が美魔女を嫌いな理由
1,何だこのおもちゃみたいなの？ Googleロゴが子供のおもちゃみたいになっている理由
0,花粉症患者の約7割が実践した“事前対策”とは？
1,このまま3G通信を生かせないとどうなる？ PS Vitaの3G版の行く末 【デジ通】
0,【オトナ女子映画部】35歳独女vs46歳バツイチ男『恋のためらい』
2,マツコ・デラックス、世界のセレブに対しても容赦なし
2,ノオミ・ラパス「ロバート ・ダウニー・Jr.に抱きしめられて救われた」
0,『シーン別まつげメイク塾』でアナタの目ヂカラをUP！
0,絶対に浮気はさせません！戦術
1,カセットHDDで録画番組を管理！ネット対応のHDDレコーダーが凄い【新スタイル活用術】
0,【オトナ女子映画部】宮崎あおい＆堺雅人「篤姫」コンビが体現する運命共同体の夫婦『ツレがうつになりまして。』
1,生命の勢いを感じます！孫社長″厳しい日々の後にも春は必ず来る″
0,「オス化診断」でホルモンバランスをセルフチェック！
1,29日はアキバへGo！　レビューアー100人以上を大募集の太っ腹企画開催！
2,女子大生が体を張って、東京国際映画祭を告知
2,リドリー・スコット監督最新作で謎だらけのキャンペーンを開始
0,過剰なラブリーは男たちを戸惑わせる!?
0,意外！ 奥さん候補への近道は『オカン系女子』ってホント!?
0,素足もスキニーパンツも怖くない!人気ダイエットサロンのノウハウを凝縮した一冊
2,制服姿の大政絢やナルニアの王子などにも直撃＜2011年インタビューまとめ vol.1＞
2,チケット即完、現役女子大生miwaが『桜蘭高校ホスト部』主題歌を担当
2,鉄オタ必須アイテム「JTB時刻表」の表紙を映画『僕達急行 A列車で行こう』が飾る
0,女子力を下げる！？ ブラトップのメリット・デメリット
0,グチの言い過ぎに要注意！
1,あえてFermiを狙う！ KeplerではなくFermiで幸せになる！
0,クリスマス、チャリティでちょっといいことを
2,ケイト・ベッキンセール主演『アンダーワールド 覚醒』が全米初登場1位
2,【終了しました】映画『ダークナイト ライジング』ジャパンプレミアに25組50名様をご招待
1,iPhone5用ケース続々先行発売中！　存在しないはずのiPhone 5用ケースが通販中
1,本日11時よりライブ配信開始！　ソフトバンク＆ウィルコム新製品発表会
2,世界の“心霊動画”を霊能力者が解説
1,未来の名プログラマーを育め！中高生150名がアプリ開発にチャレンジ
2,【元気東北・福島編】雪国を南国にした福島人の底力
2,広末涼子の登場に、上海で警備員を緊急増強
0,みんなで飾って幸せを……、マジカルツリーが新たなるパワースポットに？
2,ジャッキーやグレムリンなど懐かし映画にツッコミを入れる
2,【編集部的映画批評】みんなで繋がれば怖くない、自己責任爽やかホラー
1,ウィンドウズ製品を有効活用しよう！新たにスタートした「feel Windows」の魅力
1,2ヶ月で全国を走り抜けた写真！若さを行動で表現して魂を繋ぐ【GRバトン 写真家リレー】
0,人間関係の断捨離とは？
1,知って得する虎の巻テクニック集！スマホやパソコンを便利に使おう【知っ得！虎の巻】
1,無料で情報収集＆発信できる次世代SNS「tumblr」を活用する【知っ得!虎の巻】
2,【週末映画まとめ読み】注目の若手女優、セクシーグラドル、天才空手美少女を独り占め
2,【2012年先取り映画vol.6】劇場版のベルセルクは面白いのか
1,こりゃ商品化は無理！　ユニークなイヤホンジャックカバー（作品）が話題に？
1,我が家の電波状況も良くなるかな？孫社長 格言的な言葉が話題
0,「婚活疲労外来」医師に聞く「ああ、婚活疲れ」
2,AKB大島優子「楽しみにしていて」、ピクサー最新作で声優に挑戦
2,史上最強の映画『アベンジャーズ』の声優に“最強芸人”雨上がり・宮迫が決定
1,美しい映像と音楽も必見！銀座の名所、ソニービル公式Facebook ページがオープン
2,ももクロZの新曲を初公開、映画『サルベージ・マイス』のTVスポットが解禁
0,冬の乾燥肌に朗報？　タモリ式入浴法にチャレンジ！
0,くさったよめがあらわれた！vol.09「雨で透けるきみの肌にそそられて……」presented by ゆるっとcafe
0,【オトナ女子のリアルな悩み】仕事が決まらず、すべての運から見放されているようで
1,トラブル解決に役立つMSのサイト！Windows Sysinternals TechCenter【PC快適術】
2,『メン・イン・ブラック3』興行収入10億円突破、101ヶ国首位で地球規模でもヒット
2,『ヒミズ』の染谷将太と二階堂ふみがヴェネチア国際映画祭で、最優秀新人俳優賞をW受賞
2,天海祐希、ヒュー・ジャックマンらと共にロサンゼルスを熱狂させる
0,人気ブランド「トリー バーチ」、初の海外進出は日本！5月12日オープン
2,『TIME/タイム』興行収入8億円を突破、2週目も8割動員驚異のキープ力
2,フランス国民の3人に1人が泣いた、各国で話題の映画が日本へ上陸
1,ゲーム関連の話題まとめ　PC関連だけでなくあらゆるデバイスに精通するデジ通
1,ThinkPad X1 Carbonで従来のACアダプターは使えるのか？【デジ通】
2,美少女が高校時代を振り返る「恋愛より友達と遊ぶことに夢中」
0,他人事ではない！ 占い依存症の独女たち
0,アラフォー独男のイタすぎる自慢話
2,月刊コロコロコミックが映画とコラボ！ こすると匂いが飛び出す誌面を展開
1,2年間で20万円超のスマホ料金！？ 音声専用契約からの変更では何と6倍に【デジ通】
1,自分のIQを知りたくありませんか？　そんなときは「IQチェック2」がオススメ【iPhoneでチャンスを掴め】
0,目の下のクマが男のテンションを下げる現実
1,サービス終了後はどうなる！電子書籍は永遠に読めるのか【デジ通】
0,「40代女子」はありかナシか？
1,都会の空でも美しい星が私たちを照らしている！写真展「都会の星」を開催へ
0,【オトナ女子映画部】なぜアメリカ人はヴァンパイアを好むのか 『トワイライト・サーガ／ブレイキング・ドーン Part1』
0,「別居したら夫を好きになれました」Presented by ゆるっとcafe
0,彼が彼女に言えない、手作り料理の本音
0,幸福感が減る冬は「別れの決断」に注意！
2,【2012年先取り映画vol.5】名もなきメイドたちの声を集め、時代を変えた一冊の「ストーリー」
1,今日はそういう日だったのか！Googleロゴが歌うカエルである理由
0,悩み多きランチ問題
2,【週末映画まとめ読み】“クールビューティ”の檀れいにメロメロ ＜9月24日号＞
2,インタビュー：木下優樹菜「“本当の強さ”とは、ブレない何かを貫き通している人」
2,ミラ・ジョヴォヴィッチは意外とお茶目？ 『三銃士』メイキング映像公開
2,ディズニー生誕110周年記念超大作『ジョン・カーター』の特報が遂に解禁
0,案外大変？結婚したい職業として人気「公務員」の実態
2,【いちおう妖ヶ劇場】第13話：アダムス一家が変でも、まっ、いっかの巻
1,女子のすこやかな成長を祈る日！Googleロゴがひな祭りのひな壇に
2,世界各国で話題沸騰！“人類の起源”を解き明かす謎の手がかり
1,117万2132件の動画中最高の1本！情報満載の1日を振り返る【ITフラッシュバック】
2,中田英寿、被災地の子供たちにクリスマスプレゼント
0,彼ママが姑に変わる瞬間！
1,こんこん、ふぉっくす紺子だよ！踊ってる紺子動画も見に行ってね【紺子にゅうす】
2,第24回東京国際映画祭作品ガイド＜香川京子と巨匠たち部門＞
1,原因判明！ アップデート中のWindows XPで青画面が続出した「ブルースクリーン祭り」
1,ウェディング雑誌に凄い付録！　「ゼクシィ」9月号の付録は「乙女すぎるドライバーセット」
0,自分では気づかない「くせ」や「口ぐせ」に要注意
0,夏に多発！下着チラみせ独女はアリかナシか？
0,好感度上昇中のサバサバ女子！ その複雑な胸の内とは？
0,独女的映画レビュー vol.10　『恋の商品価値』
1,Facebookの意外と知らない裏ワザ！ビジネスユーザーに役立つPC活用術【知っ得！虎の巻】
0,あなたはいくつまで恋ができると思いますか？
0,朝の紅茶で仕事の効率アップ？5分でやる気をチャージできる「休活3カ条」
1,コストはどっちに軍配？　書籍の長期保存は紙？　それともデジタル？ 【デジ通】
2,映画『サルベージ・マイス』主題歌に、ももいろクローバーＺの新曲が決定
0,人気のシリコンスチーマー、蒸し料理を楽しむ最強アイテムとは？
1,デジタル機器の使いこなしから話題のネタまで【デジ通】一気読み
1,大切な投稿を見逃さない！友達管理が簡単に！個性派Facebookにするテクニックまとめ【知っ得・虎の巻】
1,iPhone＆iPadでブラウザゲーム！整って来たHTML5環境
2,“神が宿った”新曲披露、『宇宙戦艦ヤマト2199』テレビシリーズを上映
0,身長が低い女性は結婚に不利？
1,その建物に歴史あり！　建物の名称を表わす“建て書き”写真の数々
0,ネットで断ち切れない元カレとの縁
1,美しさが際立つ新Xperiaが発売へ！ドコモ、Xperia NX SO-02Dが凄い
1,iPhoneで撮った動画を仲間で共有！その場で動画を共有するテクニック【知っ得！虎の巻】
1,アナタは五月病大丈夫？今の仕事がつくづくイヤになった時に読む本【iPhoneでチャンスを掴め】
0,ゆるキャラ、ネクストジェネレーション
0,三十歳を過ぎたら仕事の仕方も変えるべき!?
2,【週末映画まとめ読み】TIFFが終了！オープニング作品の「三銃士」は興収2位に ＜11月5日号＞
2,“ダマされ女性タレントNo.1”小森純が好感度狙い「笑顔が一番！」
0,親しい女友達にも言えない身体の悩みありますか？
0,アラフォーだって結婚式したい！　Presented by ゆるっとcafe
1,タッチにも対応！ワコム、プロ向けペンタブレット「Intuos5」 が凄い
1,かなり使えるiOSの音声認識！使ってみたい新しいiPadの音声認識機能【デジ通】
2,『へルタースケルター』クラブイベント開催決定、当日はスペシャルゲストも
0,独女的ブックレビュー『「ゆるオタ君」と結婚しよう』
2,スタローンにブルースにシュワちゃん、最強無敵軍団のポスター解禁
1,「ゴミ箱に入れるだけ」ではない！アプリ関連ファイルの削除を確実に - Mac必須アプリ (5)【デジ通】
0,誰も教えてくれない出産後のハナシ
0,【オトナ女子映画部】美しく頭も良いのに輝けない37歳独女の問題とは？「ヤング≒アダルト」
1,シンプル・スリム！スタンドやiPhoneを張り付ける不思議なマグネットスタンド&カバーケース【イケショップのレア物】
0,断捨離の次にあなたがやるべきこととは?
1,普及の実感が薄い海外での3DS ゲーム用SNSで魅力を生かせるか?【デジ通】
0,地味なあの娘がモテるワケ
0,母親に夕食を作ってもらう独女はアリ？
2,ローラが1泊200万円の高級ホテルで高田純次を超えるテキトーな会見
2,『戦火の馬』ロイヤル・プレミアにウィリアム王子＆キャサリン妃が出席
0,6月9日「ロックの日」10周年記念に“MIWA ROCK!!”に新モード「HARD」が追加
2,【終了しました】“最強”のヒーローが日本上陸！『アベンジャーズ』ジャパンプレミアにご招待
2,さようなら『電人ザボーガー』！ヒロインの山崎真実、佐津川愛美も駆け付けた
2,インタビュー：倉科カナ「実力と努力でモテたい」
1,関西の3G回線の実用度をチェック！ うらやまし過ぎる3GとWiMAXの使い分けができる通信環境
2,具志堅が3D映像初体験に興奮「ヤバイですよ。こっちに来るので目が覚める」
0,【オトナ女子のリアルな悩み】2年前に勤めていた会社の人を今頃になって好きに…
0,節電猛暑のせいか!?　妄想女が増えている
2,【編集部的映画批評】映画『るろうに剣心』は原作ファンに斬られるのか？
0,いつまで経っても減らない迷惑メールに新法律が施行
0,初回デートで婚カツ女子がゲンメツする行為って？
0,【オトナ女子コミック部】同居人はゲイの菜食主義者! アラサー独女向け癒しコメディ『にがくてあまい』
2,グラビアアイドル＆レースクイーンが“MEGA MAX”なスピード体験に「エクスタシ〜！」
0,本当はどうなの？ 年下くんとの恋の行方
1,そういうことか！Googleロゴが絵画である理由
0,やっぱり愛情よりお金！？ あなたの選択は？
2,「家政婦のミタ」の忽那汐里が声優に初挑戦、健気な妹を演じる
0,体温が高い女はモテる!? 温活女子でモテ体質にココア!?
1,斬新なアート表現と生命力！フィリピンの「今」が見られる「The Hope & The Dream in Filipino - Section III」
1,守るものが違いませんか？　議員先生が2ちゃんねるまとめサイトを守ろう宣言
1,安価に作るマルチディスプレイ環境　独自拡張のグラボ「「FLEX HD7770 GHZ EDITION」
1,将来のノートパソコンの厚みは? 薄型化の限界はどこまで【デジ通】
1,本日のGoogleロゴは棒高跳　Googleロゴがスポーツ関連画像に変化第六弾
1,不正コピーの発覚で多額の賠償金！組織内不正コピー防止キャンペーンを実施した理由
0,独女も共感!? “イタい歌詞”で注目を浴びる奥 華子の世界
2,【DVDエンター！】十字架、ニンニク…ヴァンパイアに対抗する武器といえば何？
2,May′n ＆ 椎名慶治が「仮面ライダーフォーゼ」を救う
1,ドコモ7.8mmの有機ELスマホ開発！スリムボディのスマートフォン「docomo NEXT series P-04D」
2,麻生久美子&大泉洋、W主演映画でパンクバンド結成
1,1万4千円を切るAndroid4.0タブレット　激安なAndroid4.0搭載7インチタブレット登場
0,毎年恒例の年賀状に独女が思うこと
0,ねえ独女たち、おやじバンドをどう思う？
2,大島優子、闇金に追われ転落『闇金ウシジマくん』
2,世界が絶賛した話題作『ヒミズ』、衝撃の予告映像公開
0,春先の危険な情事とは？
1,ドラクエX情報やダウンロード販売詳細　任天堂のゲーム関連情報をまとめてみた【デジ通】
0,【オトナ女子映画部】大人の女性なら分かる「涙」の意味『短い記憶』
1,細かな違いや使用感がわかる！ありそうでなかった白髪染め体験記サイト
1,なるほど、そういうことか！Googleロゴが折り紙である理由
2,どん底の男を支えた“本当の強さをもつ”ヒロインに、多くの女性が共感
1,iPad/iPhoneの文字入力を快適に！Bluetooth対応ワイヤレスキーボード【イケショップのレア物】
1,スマホからもアクセスできるNAS！アイ・オー・データ機器の高速NASのレビューアー10名を募集
2,観る者も振り回される、映画『桐島、部活やめるってよ』の予告映像が公開
2,“FAITH”が繋ぐ二人の心　- イーライ・ストーンとジョージ・マイケル -
2,アカデミー賞3部門4ノミネート、ハリウッド最大の“サプライズ”が日本上陸
0,独女は敬遠がち！？ 話題のコンビニレシピ
0,どこまで平気？すっぴんOKの境界線を探る
0,独女的映画レビュー vol.3 『カンバセーションズ』
2,【2012年先取り映画vol.2】こんな料理を作る子に、俺が殺せるか？
1,Ultrabookのその先へ COMPTEX で次世代パソコンが見えた【デジ通】
1,オーバークロックを推奨するマザー！ MSI製“超品質”マザーボード「Z77 MPower」登場
0,【オトナ女子映画部】世界を虜にしたスターのあまりにもピュアすぎる素顔『マリリン7日間の恋』
2,ヴァンパイアに偏見を持ち「人種差別」をする人間たち
1,話題のスマホに最適な高級ケース！AQUOS PHONE SoftBank 103SH用ケース【モバステ通信】
2,【週末映画まとめ読み】真の悪意をもつ映画だけが人を感動させることができる
0,「独女×僕等がいた」恋愛術：粘着“ヤマイモ女”が成功する
0,恋の駆け引きができる女、できない女
1,“何かあったら知らせてくれる”安心をNASに！「NarSuS（ナーサス）」とは何ぞ？
2,桑田佳祐の歌が家族の“夢の扉”を開く
0,女医が教えるオンナの体のウソホント vol.9「体温上げて、熱いオンナになるべし！」presented by ゆるっとcafe
2,【いちおう妖ヶ劇場】第10話：超能力でスカートをすかっとめくるの巻
0,今の時代でも健在！「SNS嫌い」男性のいい分
1,日本の伝統を学べるiPhoneアプリ！折り紙の折り方を学べる“おりがみ”【iPhoneでチャンスを掴め】
0,女性の通勤バッグは、なぜ大きくて重いのか？
1,紙飛行機に足が！　思わず作ってみたくなる足の生えた紙ヒコーキ
1,Ultrabookで使えるポータブルBD！パイオニアの世界最小・最軽量のBD/DVD/CDライターの性能に驚愕
2,インタビュー：谷村美月「些細なことで感動することって、たくさんある」
2,【週末映画まとめ読み】小西真奈美、真木よう子、池脇千鶴、選ぶならどのタイプ？ ＜11月19日号＞
0,そろそろ変えたい・変わりたい−独女たちの過渡期
1,新連載開始！元Google日本法人会長 村上憲郎氏も登場！教育とテクノロジーの祭典【Edu×Tech Fes 2012】
1,カワイイけど難しい“カワむず”なパズルゲーム「ねこずらし」が楽しい【iPhoneでチャンスを掴め】
1,高機能なのになんで？　iPadやAndroidタブレットに対するスレートPCの位置づけ
2,ジャスティン・ティンバーレイク主演『TIME／タイム』の予告映像が公開
1,知らない人は宝の持ち腐れ！隠し機能を利用できる神アプリを解説 - Mac必須アプリ (4)【デジ通】
2,『G.I.ジョー』が3D化のために公開延期が決定
1,出席者の数がすぐにわかるExcelワザ【知っ得！虎の巻】
1,え？ホントかよ（笑） 合コン用語なる摩訶不思議な用語が話題に
0,「3.11で変わったこと」をリアルに感じるアンケート結果を公開！
2,【2012年先取り映画vol.7】樹木希林が可愛いすぎる感動作
0,今年の夏、女子はボーナスをどう使う？
2,【週末映画まとめ読み】『ドラゴンボールZ』17年ぶり新作劇場版に世界が興奮！
1,人の役に立ってお小遣いも稼げる！責任者が語る「NAVERまとめ」の魅力
0,マスクで顔を隠す独女たち
1,ドラクエXで遊ぶのに必要な物 PCの周辺機器を流用できる【デジ通】
0,ネットで悪口を書かれたらどうすればいい？
2,“美魔女”小雪に椎名桔平が子育て指導
1,ステマはなくなるか？ Yahoo! JAPANと食べログが業務提携
1,GoogleによるIM「Mozc」を使う Ubuntuの日本語入力を改善【デジ通】
1,写真の撮り方がうますぎる！孫社長 桜を詠んだ句と写真が話題
0,女が選ぶ「キレイに年齢を重ねている女」
1,速報！世界初の放射線測定機能搭載！電波の届く範囲も3倍に！驚きのソフトバンク夏モデル発表
1,市場動向を立体視できるiPadアプリ！Yahoo! ファイナンス株式マップ 【デジ通】
2,【DVDエンター！】世界で最もセクシーな美女も登場、映画史上最高の3D
1,スマホでカーナビを実現！純正ドリンクホルダーがスマホホルダーに早変わり【イケショップのレア物】
0,独女卒業の最後の難関？　「彼の両親に挨拶にいく」必勝法
1,楽しくリズム感覚が身につく「おやこでリズムえほんプラス」【iPhoneでチャンスを掴め】
2,ユアン・マクレガー主演の壮絶“津波映画”、日本では公開不可能か
1,グラフィックスの頂上対決！GeForce GTX680 vs Radeon HD7970
2,映画『タイタンの逆襲』とのコラボで「ビックリマン」の凄さを再確認
1,ニコニコ超会議で気になった小ネタを写真で紹介
0,人恋しい季節の到来−冬にひとりはさみしいヨネ！
2,世界11カ国13都市で先行イベントを同時開催「スパイダーマンの武器は“軽口”」
2,インタビュー：マックG監督「リメイクしたい日本のアニメは『AKIRA』かな」
1,nasneが再出発！　出荷延期中だったSCEのnasneの再出荷が決定される
1,ニコニコ超会議振り返り第二段　ユーザー生放送の人気のスゴさを実感
0,女を勇者に変える！？ 出産のホント
2,映画『ベルセルク』ポスター＆予告編が解禁、ED曲はAIが担当
0,進化し続ける「レンジ専用食品」　電子レンジを“相棒”にする「レンジェンヌ」とは!?
1,特定の通信を止めることも可能！ netstat以上に便利なTCPView【PC快適術】
0,元彼に執着する女は占い好き？
1,iPhone版Google Drive体験レポ！情報満載の1日を振り返る【ITフラッシュバック】
2,キャストの職業、名前、恋愛やケンカ、すべてが“リアル”なドラマ
0,2011年の独女事情総まとめ座談会(後編)
0,くさったよめがあらわれた！vol.03「いつも私と同じことばかり考えてる君が好き！」 presented by ゆるっとcafe
2,藤原竜也、中学生とともにロケット打ち上げに成功
0,目指せ胃袋婚！ 家飲み女子の手料理自慢！ 冬の陣！
2,AKB48ドキュメンタリー映画の舞台裏、巨大ポスターが新宿に出現
0,猛暑が後押し!? アラフォー女性の生足増加とストッキング感
0,みんな大好き100円ショップ、独女の活用法は？
0,自転車女子、はじめました vol.10『自転車の景色は、輪行で広がる！』Presented by ゆるっとcafe
0,だからモテない!?　恋愛下手のダメメール
1,レガシーデバイスをさらば！名実ともに次世代のMacBook Pro 【デジ通】
1,スマホライフスタイルを提案！KDDI 甘田氏が語る、関西KDDIの強さの秘密
2,椎名誠・原作“あやしいサバイバル・ムービー”の主題歌は星野源
0,間取り図にハマる女ゴコロ
2,『ジョン・カーター』絵画コンクール開催、特別審査員は工藤静香
1,iPadでオリンピックを見よう！地デジを無線化して、どこでもテレビだ
0,バブル独女とロスジェネ独女
1,Googleロゴが往年の料理研究家に！　本日のGoogleロゴは有名な料理研究家の生誕100周年記念
2,【週末映画まとめ読み】赤ちゃんパンダの癒し画像＆驚きの生態
0,『結婚』よりも『結婚生活』を続ける方が難しい…!?　Presented by ゆるっとCafe
2,ミラ・ジョヴォヴィッチが、連続レイプ犯に狙われる
0,痩せたら本当に幸せなの？　独女がダイエットを諦めたくなる時
1,タダ者じゃない！7インチタブレット「eden TAB」の魅力をさぐる
0,いま銭湯散歩がおもしろい！ Presented by ゆるっとcafe
0,「体の中からのスキンケア」をサポートするヨーグルト
1,ようやく普及期に入った3DS 専用ソーシャル機能が回り出した【デジ通】
1,ガジェット使い方新提案！　小技の効いたハイテク家電使いこなし術【ハイテク家電で新生活】
0,節電しながらムーディーな照明で夜を楽しもう！
1,直感的に使えるマジックリモコン！LG、3D対応の液晶テレビ「LG Smart TV」が凄い
1,Kepler搭載製品が登場！MSIやZOTACよりNVIDIA GeForce GTX 680カード
1,CPUもGPUも祭だワッショイ！GIGABYTE板祭でマザボ＆グラボのレビューアーを大募集
1,Excel操作を簡略化！　ドラッグ＆ドロップでシート間コピー【知っ得！虎の巻】
2,ヴェネチア国際映画祭で染谷将太、二階堂ふみに大歓声！　園子温監督作『ヒミズ』に金獅子賞の期待膨らむ
2,インタビュー：木村文乃「人間にとって根本的に大事なもの」
2,助演女優賞は『ヘルプ　〜心がつなぐストーリー〜』のオクタヴィア・スペンサー
2,『ドラゴン・タトゥーの女』週末3日間で20万人以上を動員し、初登場1位を獲得
2,徐々に明らかになる衝撃の全貌…『バイオハザードV』最新予告が解禁に
0,東京23区女ひとり風呂 vol.03「台東区・銭湯でアレ発見！」Presented by ゆるっとcafe
2,“モノクロ3D”で奇妙な世界を描く、ティム・バートン監督最新作の特報映像が公開
2,小さくなったバズが走り回る！　『トイ・ストーリー3』続編の特別映像が公開
0,秋の夜長に……独女がオススメしたい「心の一冊」
0,自転車女子、はじめました vol.15 「小粋な相棒、ミニベロの魅力」Presented by ゆるっとcafe
2,第24回東京国際映画祭作品ガイド＜コンペティション部門＞
0,スマホで花咲く恋もある!?　合コンで使える本当の“モテテク”
1,無線LANで映像を飛ばそう！ユニークな地デジチューナー付きルーター【新スタイル活用術】
1,え？コミュ障？　それでも平気！ どんな人とも10秒でうちとけて話せる本【iPhoneでチャンスを掴め】
2,【2012年先取り映画vol.1】“時は金なり”という言葉が現実になった世界
1,おはこんこん！連載ちゅうの4コマの予告編ですっ【紺子にゅうす】
1,フリップカバーにスタンド＆バッテリーまで内蔵！ GALAXY SIII専用ケース【イケショップのレア物】
0,森ガールよりもリア充？ 「雲ガール」の実態に迫る
2,【編集部的映画批評】最高にポップな監禁拷問地獄へようこそ 『ラブド・ワンズ』
0,25歳未満のデキ婚率50％!? デキ婚同僚に独女が言いたいこと
0,花粉シーズン到来前にビフィズス菌の新習慣！
0,時代は「3平」へ。イマドキの結婚相手の条件とは？
2,【編集部的映画批評】アポロ計画に“謎”を投げかけて“謎”のままで終わる
1,iPhoneアプリを子どもが勝手に使えないようにする【知っ得！虎の巻】
2,「開けてはいけない」コインロッカーが出現
0,薄っぺらい親友関係が増殖中？ 女の友情はきょわい〜！？
2,“美魔女”に触発、『スノーホワイト』主題歌がデジタル発売
2,スクリーンから貞子が飛び出す！　映画『貞子3D』の特報映像が公開
0,話題の格言『ボーダーを着る女は、95％モテない！』は本当か？
0,毎日の生活の中でお小遣いを増やす方法とは？
2,【プレゼント】戦乱に埋もれた驚きの大逆転の実話を描く！映画『のぼうの城』ジャパンプレミアにご招待
2,日本映画の未来を背負った原石たちが放つ、青春最高傑作『桐島、部活やめるってよ』
1,本音トークが炸裂！これが「Android ライターサミット」だ
0,満たされると不安!?「ちょっと不幸な私が好き」症候群
2,日本のインディ・ジョーンズが解明！『ダ・ヴィンチ・コード』を超える今世紀最大の発見とは？
1,自分が選んだニュースにコメントが！シェアで変わるITニュース活用法【ITニュースで目指せ情報通】
1,大人のユーモア、大人の対応ですね！孫社長が自分の髪の毛にコメント
1,間違いなくワイルドなiPhoneカバー！　スギちゃんのiPhoneカバー登場！
1,サムスンがテーブル型PCを投入！Surface 2.0を搭載するPCの魅力
0,Twitterでリムーブしたい人がいる……その時独女は？
1,ジメっとした気分を吹き飛ばせ！　いまが見ごろ、鎌倉の紫陽花写真の数々
0,既婚女性の馴れ初め話に恋愛を学ぶ
1,楽天が電子書籍サービスを開始？　「Kobo」のサイトを新たに開設
1,ウェブセキュリティの向上を目指すOWASPとは 【役立つセキュリティ】
2,【編集部的映画批評】公開延期になったことで超大作になれなかった映画
2,“女子校の王子”と“男子校の姫”が禁断の恋に
1,ゲリラ豪雨にも勝てる？ iPhoneをマイ自転車に搭載できる強力な防水機能マウント 【イケショップのレア物】
0,淀殿はタバコ顔だった！？ 戦国時代に学ぶ健康術
2,食欲そそる、ドラマ「深夜食堂」第2部の絶品メニュー
1,高性能なデジタル一眼が登場！キヤノン、「EOS 5D Mark III」が凄い
2,阿部寛と上戸彩共演の『テルマエ・ロマエ』が4日で興収8億超え
2,鈴木京香がスカイブルーのドレスで観客を魅了、『セカンドバージン』がマレーシアに凱旋上陸
1,さらばFermi！Keplerアーキテクチャ採用のGPU NVIDIA GeForce GTX 680登場
2,仮面ライダーへ闘魂注入！ 夢のコラボで“闘う日本人”の曲が完成
0,コピーライター的発想が「モテ」への一歩！？
1,GALAXY Noteをキーボードで使う！　Bluetoothキーボード付き専用カバー【イケショップのレア物】
1,スタイリッシュなブロック系パズルゲーム！ ルミネス – Touch Fusion【iPhoneでチャンスを掴め】
2,美女をめぐる史上最大の“職権乱用”バトルが勃発！
0,独女通信が見た「独女たちの5年の軌跡」Vol.3 〜「ブスキャラ」が「モテキャラ」へ変身〜
2,スピルバーグ監督、ブラピ、J・ビーバーらハリウッドスター116人が集結した豪華写真が公開
1,今度の金環食を見逃さない！ 来る5月21日の金環食を楽しむアプリ【iPhoneでチャンスを掴め】
2,三浦友和、百恵さんとの夫婦関係を告白
0,握手会やイベント参加…「アイドル戦国時代」に独女も大量参戦
0,ブーケトスは人権侵害なのか！？
1,最新CPUに出会えるチャンス！「Intel Technology Day in Akiba 2012」を開催へ
0,ケンカをしても気持ちが冷めている…。「長すぎた春」の予感
2,「イナズマイレブンGO」が『ハッピーフィート2』をPR、CMで奇跡のコラボが実現
2,西田敏行も思わず涙ぐむ「父から娘」への手紙
1,明日は福島県三春町で町会議！　北の大地に2千人来場！北海道長万部町の町会議
0,【大堀恵　ヒミツの相談室】ソリが合わない同僚とスムーズに仕事をするには
1,アノなめこがiPhoneカバーになった！　「おさわり探偵 なめこ栽培キット」のiPhoneカバー登場！
1,本日深夜販売敢行！　例のアレか？　本日ドスパラパーツ館で深夜販売！
1,ついに本日、発売開始！パナソニック、最強カスタマイズの「レッツノートSX1」開封レポート
0,霊感ヤマカン第六感！　男の浮気はこう見抜く
0,女の集団は仲が悪い!?
1,何これ欲しい！のキーボード登場！　エレコムのレーザー投影式キーボード
2,ジョニー・デップ、『ダーク・シャドウ』のPRのために緊急来日決定
0,男を「疲れさせる女」の正体とは!?
2,【DVDエンター！】美しき優等生が自慰行為、レズビアン・セックスに挑戦
2,実は低年収!?　国家組織CIAの知られざる意外な事実！
2,深田恭子「女性の私が見ても、ときめいた」
1,常識を塗り替える異次元の軽さ！NEC 世界最軽量Ultrabookが凄い
0,【オトナ女子映画部】櫻井翔が演じる“地味メン”医師の愛妻家ぶりにキュン！
0,男の身長、気になる？ 気にならない？
1,ペットロボットの状態は？　これからどうなる？ 不定期連載スマートペット育成記【デジ通】
2,『アメイジング・スパイダーマン』新予告が全世界で解禁
2,エリカ様が“演じる”のは「次々と事件を巻き起こしていくトップスター」
0,あなたのそのオバサン顔大丈夫？
1,来たぜ！お祭り第3弾！GIGABYTE板祭でZ77マザーのレビューアーを大募集
1,第三弾間もなく開始！ Sapphire製グラボ購入キャンペーン第二弾終了間近につき
0,オンナは“何番目の男”と結婚するのが一番幸せか？【オンナの本音編】
2,剛力彩芽、ハリウッドデビューするものの「セクシーな声はダメ」
1,ついに発売日が決定！有機ELスマートフォン「DELL Streak Pro 101DL」が凄い
1,高ワットを安定供給できる電源！　ZALMANより1250ワット電源発売開始
1,話題のスマホに強い味方！ドコモ MEDIAS LTE N-04D用大容量バッテリー【モバステ通信】
2,【週末映画まとめ読み】 『モテキ』初登場2位でトップ3を邦画が独占＜10月1日号＞
0,デキる男の妻はどんなタイプ？
0,男たちが入籍日にこだわる理由とは
1,不便なブックマークよさよなら！　俺はライフリストでブクマを管理するぜ！【PC快適術】
1,PCとはちょっと違うAndroidにおけるROMとRAMの意味！  Android端末の選び方【デジ通】
0,鼻毛のお手入れをしていますか？
2,壇れいがミラ・ジョヴォヴィッチとの初対面に感激
1,ケースによっては5千円も節約！　3G回線を使わずにWiMAXとWiFiオンリーでスマホ利用
2,【終了しました】チュート徳井が徹底した役作りで挑む！『莫逆家族　バクギャクファミーリア』完成披露試写会にご招待
0,読んでみる？描いてみる？大人の女性を癒す絵本の魅力
0,20〜30代男女の7割が“飲みたい”夏の風物詩
0,くさったよめがあらわれた！vol.06「専業主婦ってやることいっぱい、暇じゃないんだから!?」presented by ゆるっとcafe
0,高樹千佳子らがビオプレーン4姉妹として登場！ 「ダノンビオ」ヨーグルト　プレーン・砂糖不使用　脂肪0　新発売！
2,『マーガレット・サッチャー 鉄の女の涙』メイクアップ賞、ハリポタに勝つ
1,おめでとうございます！孫社長 王会長との記念写真を掲載
1,ヘンなアプリに要注意！ データぶっこ抜きアプリか？Google playに不審なアプリが出回る
0,意外に大変?!　モテる定説“マメな男”との交際事情
0,大人女子を虜にする、年下君の魅力
2,二度と見られない、故・森田芳光監督の貴重な演出シーン
0,【オトナ女子のリアルな悩み】フラれて4カ月。彼が忘れられず前に進めない私
1,おはこんこん、ふぉっくす紺子だよ！新しいおしらせ【紺子にゅうす】
2,2012年、エジプトの大ピラミッドに隠された“真実”が明らかになる
0,【オトナ女子映画部】共働きでも“家事”は“女の仕事”?! 『ハニー vs. ダーリン ２年目の駆け引き』
0,「電話占い」のハマりすぎにご注意！
1,新iPad時代の定番はコレだ！iPhoneとiPadを同時充電＋ステレオスピーカー内蔵スタンド【イケショップのレア物】
2,インタビュー：MEGUMI＆西川史子＆重盛さと美「地上波では出来ないことしかやってない」
2,寝室で一体何が起こったのか、『パラノーマル』最新作が衝撃映像を限定公開
1,Ultrabookをパワーアップ！　mSATA対応の小型SSDがマイクロンより登場
0,「女性の持つコンプレックスを取り去る仕事」 湘南美容外科クリニック イメケン“情熱”院長インタビュー
2,吉高由里子「ムカつく発言があったとしても、すごくカワイイ」＜2011年インタビューまとめ vol.2＞
0,「独女×僕等がいた」恋愛術：男心に刺さる“待ち女”で勝ち組になるテク
0,【オトナ女子のリアルな悩み】今の仕事は本当にやりたかったこと？ 安定か、一歩踏み出すか。独女世代の決断
0,友人代表のスピーチ、独女はどうこなしている？
1,日本最大級のショッピングポータルがオープン！「イオンスクエア」が凄い理由
1,iPhoneで作るビジネス文書、動画のムダをトリミング　iPhone活用術【知っ得！虎の巻】
1,MacBook ProがRetina対応 次はAirも対応？【デジ通】
0,どうやっても貯められない30代女子の貯金改革!! Vol.4「こだわりポイントでめざせメリハリ家計☆」Presented by ゆるっとcafe
0,「お墓をよろしく」と言われたら、あなたはどうする？
2,杉良太郎「いじめとか自殺とか教育が全然できていないので、ドラマを通じて何が大事か描きたかった」
0,自分にぴったりということ
1,ふぉっくす紺子だよ！紺子ぬいぐるみ、みんなのところに行けるといいなぁ【紺子にゅうす】
0,“恋におちる”って具体的にどんな感じ？
0,私たち、姪＆甥がかわいくて仕方ないんです！
1,どうやって撮ったの？コンデジで驚きの不思議な写真「Naked Flower（裸の花）」【新-写真空間】
0,幸せになるコツはデートをリードすること
0,女性に支持される魅力的なメルセデス「新CLSクラス」を体感
0,真似し真似され…女たちの胸中は？
0,【オトナ女子映画部】赤ん坊の父親に捨てられても、人生勝ち負けじゃないと断言する臨月妊婦『ハラがコレなんで』
1,いつでもどこでもUltrabook生活！HP「Folio13-1000」のレビューア3名を募集
2,【いちおう妖ヶ劇場】第9話：生徒を洗脳するなんて、あんまりせんのうの巻
2,真野恵里菜「女子高生仮面ライダーになってTwitterのフォロワーが増えた」
2,動画インタビュー：マリオン・コティヤール「細菌恐怖症ではなないけれど、いつも気にしているわ」
0,独女も気になる!? 既婚女性の働き方
1,Twitterとテレビを連携！テレビ視聴の楽しみ方を変える NECの「つぶやきプラス」【デジ通】
1,その真相や如何に！ミクシィ、身売り報道にコメント
1,写真に友達のタグを付けて公開を知らせる　Facebookテクニック【知っ得！虎の巻】
1,ガラスのUltrabook登場！美麗なUltrabook「HP ENVY14-3000 SPECTRE」のレビューアー募集
1,ネットで気軽にフォトブックの編集注文ができる！「ドリームページ」のレビューアーを30名募集
0,【オトナ女子映画部】“手に入らないから手に入れたい欲”に騙されるな！『クローサー』
2,Mr.ビーンが8年ぶりに帰ってくる、『ジョニー・イングリッシュ』の続編の日本公開が決定
2,【GOGW映画 友人編】全長500メートルの敵が現れたらどうするのが正解？ 『タイタンの逆襲』
1,最新情報も見逃すな！ 大人気アニメ「宇宙兄弟」公式アプリ！【iPhoneでチャンスを掴め】
2,世界の映画祭で話題沸騰！インドネシアの壮絶バイオレンス・アクション『ザ・レイド』予告編が解禁
1,高耐久HDD搭載PC登場！　ドスパラより壊れにくいHDDを採用したモデルが登場
0,お花見デートで女力アップを！
2,NYC中山優馬、ハリウッド実写映画で声優初挑戦
1,アナタは見た？今世紀最後の天体ショー！金星の太陽面通過
1,ようこそ、ケーブルのない世界へ！クリアな音質のBluetooth対応ヘッドセット【新スタイル活用術】
2,【DVDエンター！】前田敦子が背負い続けた、AKB48“センター”の重圧
1,スマホで使える驚愕の次世代眼鏡！身に付けられるディスプレイ
1,なるほど、そういうことか！Googleロゴが写真である理由
1,Googleドライブで企画や計算書をメンバーと共有【知っ得！虎の巻】
1,コンデジでも星の軌跡が撮れるGR IVインターバル合成撮影の秘密！「都会の星」トークショー【新-写真空間】
0,【オトナ女子映画部】新ヒロインの小悪魔ぶりは学ぶべきポイントだらけ！　『アメイジング・スパイダーマン』
0,【オトナ女子映画部】“女”として生きることを“誇り”に思う『デザート・フラワー』
0,くさったよめがあらわれた！vol.07「春だからこそ夢（妄想）みちゃうんです」presented by ゆるっとcafe
0,女医が教えるオンナの体のウソホント　vol.6「精子にまつわるウソホント」Presented by ゆるっとcafe
1,有線スピーカーがBluetooth対応に！ロジクール ワイヤレススピーカーアダプターを限定発売
1,Excelで支社名のリストを手早く連続入力する【知っ得・虎の巻】
2,『ニューイヤーズ・イブ』出演のボン・ジョヴィ、サラ・ジェシカ・パーカーらの特別映像が解禁
0,この秋は、野菜を食べて女を磨く！
2,【GOGW映画 一人編】『007』や『M:i』では描かれない“本物”のスパイ映画
2,敵は“大自然”と“オオカミ”、全米初登場1位の映画が日本上陸
1,ゲーム機に必要なストレージ容量は？ ダウンロード販売が本格化【デジ通】
1,Ultrabookに強力なライバル！女性がラクに持ち運べる、エイサーのノートPCが凄い
1,Excel表のデータの合計値を計算式を使わず表示する方法【知っ得・虎の巻】
1,クラウドより便利で速い！安全！大容量！デュアルHDDで大事なデータを守る必殺技
0,応援する？ ムカつく？ あなたの近くの社内恋愛
1,amazonでAMEX決済なら要注意！ amazonで買い物したら100倍の請求金額に口があんぐり！
2,【週末映画まとめ読み】「見せたいものを見せてあげる」沢尻エリカが胸元と美脚をあらわに
2,大泉洋がライオンを挑発「どうしたBOY？ かかってこいよ」
0,独女のTwitter、意外な楽しみ方
0,モテ期はあったか？
1,コンプガチャ廃止決定！　結局は堂々巡り？　今後一体どうなる？
2,『ドラゴン・タトゥーの女』主演ルーニー・マーラが来日「誤解されていると感じる経験は、誰にでもある」
2,ネットで話題騒然、『キャプテン・アメリカ』の衝撃的な本編シーンを公開
1,(」=・ω・)」 (/=・ω・)/うー！にゃー！な簡単ゲーム【iPhoneでチャンスを掴め】
0,妥協のススメ
2,美女たちがドレスの競演をした東京国際映画祭！スケスケのシースルー衣装を着たセクシー女優も
1,株価・国債・為替、何でもチェック！超便利なブルームバーグのiPadアプリ【デジ通】
2,謎のモザイク美女を当てろ！ その正体は、日本で最も輝く25歳のタレント
2,映画『アベンジャーズ』の“最強”ヒーローがストラップに
0,【オトナ女子映画部】“運命の人”をキャッチする方法！『セレンディピティ』
1,アナログとデジタルの融合。旧と新の技術が出会った不思議な写真空間【NEXT GENERATION】
0,コンビニのレジ前でついつい買ってしまうもの
2,照英、『カウボーイ＆エイリアン』の宣伝ナビゲーターに就任し「涙が出るほど感動した」
0,通えば結婚できる？　結婚予備校ってどんなところ？
1,何かとネットが騒がしかった！　不審なAndroidアプリ騒動までを振り返る【ITフラッシュバック】
2,「R2-D2」が女子大生に大人気！　「スターウォーズ」の前夜祭
0,東京23区女ひとり風呂vol.05「世田谷区・江戸ッ子に会える銭湯」Presented byゆるっとcafe
0,恋愛感情がイマイチでも結婚はできるのか？
1,23年ぶりの天体ショー再び！  14日未明は金星食を観測しよう！
2,【週末映画まとめ読み】ミラ・ジョヴォヴィチなど美女の情報をまとめて紹介＜10月15日号＞
1,漫画家/イラストレーター志望のクリエイターのたまご必見！　デジタルでの制作環境が全て揃うレビューアー募集開始
1,グラボを買うとBDプレーヤーが当たる！　Sapphire製グラボ購入キャンペーン本日開始
1,「Ubuntu One」はLinux対応 楽曲ストリーミング対応のクラウド【デジ通】
1,叩いてもひっかいてもOK！iPhone液晶を保護するスクリーンプロテクター【イケショップのレア物】
0,ブログやSNSで娘の日々を知る時代！？
1,Keplerをより安く！　Keplerアーキテクチャのミドルレンジ向けGPU「GeForce GTX670」
1,この谷間写真は誰得？　Twitterのハッシュタグ「#女子谷間晒し祭」で大いに盛り上がる
0,同族嫌悪? 独男と独女が考えるお互いの問題点
2,宮迫＆ゴリがツリーに点灯失敗「得する涙が流せる、最高の映画」
1,いよいよラストの町会議！　ニコニコ町会議in 東京都八丈島の詳細決定
0,本当に信じられる占いとは？
1,SSDをキャッシュに使う“ハイブリッドHDD”！　Windowsを快適にするシステムキャッシュ技術がスゴイ
1,Googleがセキュリティを指南！ネットユーザー向け「知っておきたいこと」サイト開設
2,バットマンが遂に引退か、ダークナイトシリーズ最終章の衝撃ポスター
2,『弁護士イーライ』のプロデューサーが、ジョージ・マイケルの出演について語る
1,納得！そういうことか！Googleロゴにファスナーが付いてる理由
2,いま話題の人気アイドルたちが、一夜限りの大共演
2,インタビュー：ニコール・キッドマン「実はとてもシャイで、電話で話すのは苦手なの」
2,“崖っぷちの男”に自殺を思いとどまらせる“交渉術”
0,織田裕二の結婚に見る、「完成された男との結婚」のよさとは
0,上から目線はなぜ悪いのか？
2,【編集部的映画批評】フランスで起こった人種差別を斬る
0,どうやっても貯められない30代女子の貯金改革!! Vol.7「貧乏脱出大作戦」Presented by ゆるっとcafe
0,妄想が独女たちを救う！？
0,ほんの少しだけ頑張っている独女なりの“ちょいエコ”とは？
0,カラオケで演歌を歌う女ゴコロ
0,“濃すぎる！？”コラーゲンドリンク「濃いコラーゲン」
2,二階堂ふみの願望は「朝帰り」、意味不明な発言を連発
0,NHK『祝女』に見る現代女子の実態……、共感集まる“社交辞令女子”とは？
2,吉澤ひとみが新チーム結成「今、大事にしなきゃいけない人」
2,【編集部的映画批評】水谷豊の“相棒”は座敷わらしだった
1,やはり ドラクエXも例外ではなかった！　ゲームの通貨やアイテムを実社会で売買するRMT行為【デジ通】
0,大人になっても解決しない「お昼休み」という問題
1,私立中高5校とコラボ！　iPhone＆Androidアプリ制作を学ぶ「Life is Tech!サマーキャンプ」
0,働き女子のしあわせカラダづくりを応援するアプリでキレイとご褒美をゲット！？
1,非公式アプリでも結構イケる！ UbuntuでもEvernoteが使える【デジ通】
2,ミス・フーターズ・ジャパンが1日限定“マリリン・モンロー”に変身
0,“あげまん女”って何ですか？
2,ホラー映画界に“革命”を起こす、キューバ初のゾンビ映画が世界の映画祭を席巻中
1,夏のボーナス金額は増！ ただし商品の購入に充てる割合は大幅減
0,人前でのキス、女子的にアリ？　ナシ？
0,【オトナ女子映画部】結婚生活の実態『おとなのけんか』
2,“最強”が集結、『アベンジャーズ』ポスター画像が世界初解禁
1,日本を思う気持ちがあると思えない！孫社長 大人の対応がネットで話題
1,Excel表をらくらく修正！ドラッグで列の順序を入れ替える【知っ得！虎の巻】
0,「突撃！隣の晩ごはん」のヨネスケが、華やか企業の「OL昼ごはん」に再び突撃！
1,歌＋歌＝歌　見事な才能に感嘆！え？二曲を同時再生するとまったく別の曲が！
1,転売厨に要注意！　創刊当日に休刊が決定したコミック雑誌がamazonで高値で転売される
2,米国版“ガリレオ“!?　最強の謎解きミステリーが、この夏遂に解禁
1,世界一周に挑戦する学生にiPadを贈る！孫社長の粋なはからいに感動の嵐
0,「隙のない男」の魅力とは？
0,男が苦手な女とは？
1,ペットが毎日のように病気になる！ スマートペット育成記 （4）【デジ通】
0,美容整形の志願者が次々と自己紹介をすることに
1,モックアップで製品を選べる？ 古い手法で販売されるスマホ【デジ通】
2,『タイタニック 3D』超プレミア試写会、応募殺到でサーバーがパンク
1,これはなんでしょう？　iPhoneならではのユニークアイテム【イケショップのレア物】
0,最近セックスしたのはいつですか？
0,【オトナ女子映画部】精子バンクのドナーは完璧な恋人？『カレには言えない私のケイカク』
0,「断捨離（だんしゃり）」でモノから自分が見えてくる!?　モノに投影される自分って？
0,人生観が変わる！？ 一度は行ってみたい世界のあの場所！
0,写真を見せたい人、見たくない人
1,Wordで作成した表を2つに分ける便利ワザ【知っ得！虎の巻】
0,独女的映画レビュー vol.8　『ブラック・スワン』
2,観る者を魅了するキャットウーマンの魅力とは？
1,必要なファイルを素早く取り出すマル秘ワザ【知っ得！虎の巻】
2,AKB48篠田麻里子「危険な恋に憧れる」
0,このままじゃ婚期を逃す!?　趣味に走るオタク独女
0,独女たちの下心
1,おはこん、ふぉっくす紺子です！紺子グッズ第二段も進んでるよ【紺子にゅうす】
1,auの成長率が日本一！関西ユーザーにみる高いスマホ通信費の節約法
2,ルール無用の一匹狼がゲイの警官とバディに「同性愛恐怖症じゃないのは素晴らしい」
2,ダース・ベイダーが全国に出没！　次は大阪・通天閣に進軍予定
0,思わずどん引きしたアノ行動、アノ発言！
0,頑張っているのに結婚できない私って、どこか変？
2,『マダガスカル』シリーズ待望の最新作は、夏休みファミリー映画の大本命！
2,柴咲コウ“しばっちゃうのが、もったいない”「アジエンス」CM曲を発売
1,外出先で録りためたビデオを見る！クラウドの動画ライブラリを作ろう
2,第24回東京国際映画祭作品ガイド＜ワールドシネマ部門＞
1,今日はそういう日だったのか！Googleロゴが変わっている理由
0,【オトナ女子コミック部】白髪、垂れ尻、ほうれい線。『だって40なんだも〜ん！』はすべてに諦めがつく魔法の言葉!?
2,映画『FAIRY TAIL』、物語の鍵となる少女「エクレア」とは
0,増殖する「草食系自認男子」
2,スギちゃんが初冠番組「俺はこれから地上波で消えていくぜ。ワイルドだろ〜。」
1,一気に4K？それともWQXGA？　MacのRetina液晶の解像度はどっち？ 【デジ通】
2,大阪の商人はベルセルクがお好き？ ガッツに続きグリフィスともコラボ
0,学生時代の恋を忘れられないのはなぜか？
2,インタビュー：ヒュー・ジャックマン「“本当の強さ”とは、自分を信じること」
1,話題のスマホの駆動時間をのばす！ドコモ REGZA Phone T-01用大容量バッテリー【モバステ通信】
2,【元気東北・青森編】一度見たら忘れない、ブサかわ犬が日本を元気にする
0,20代で結婚しなくてよかったなぁと思うこと
0,「出会えてよかった」40代での結婚
0,顔のいい男を「かっこいい」と褒めるのは逆効果？
0,ありのままの私を愛しなさい！　Presented by ゆるっとcafe
1,出演者は130人超、前夜祭も開催！ 真夏のダンマス4は超熱い！
2,C-3POが名場面を紹介する『スター・ウォーズinコンサート』日本上陸
0,現代版「独女がやるべき花嫁修業」とは？
1,進化し続けるMac狙うマルウェア 【役立つセキュリティ】
1,最新スマホに最強兵器が登場！ソフトバンク AQUOS PHONE 103SH対応大容量バッテリー【モバステ通信】
1,物語で英語力アップ！オーディオ電子書籍「Alice’s Adventures in Wonderland」【iPhoneでチャンスを掴め】
1,スケールがでかい！孫社長 米国留学支援に賞賛の声
1,いったい何が起きた？ 　SCEのネットワークレコーダー「nasne」が突然の発売延期
1,Youtubeが7周年！　いまでは1分間で72時間分の動画がアップされるように！
2,インタビュ—：ティファニー・ティーセン（エリザベス・バーク役）
1,本日のGoogleロゴはテーブルテニス　Googleロゴがスポーツ関連画像に変化第四弾
0,恋愛相談で頼れるのはアノ友人
2,最強映画『アベンジャーズ』が『ダークナイト』『ハリポタ』越え
0,強欲こそが才能!?　美術史に学ぶ“魔性の女”
2,アメリカ大統領選の裏側を暴く作品がゴールデン・グローブ賞にノミネート
2,男でも観たい！ ヒットする少女コミック原作の映画
2,満足度第1位、興奮するファンが制止される騒動も
0,他人の自慢話、どうスルーする？
2,インタビュー：ローガン・ラーマン、ガブリエラ・ワイルド「カメラが回っていなくても友達」
1,「写真の町」から生まれた「念力、滲透、輪郭」とは？　気鋭の写真家が描く世界にドキッ
2,ガンを克服した男の物語に拍手の嵐！ トロント映画祭の1200人の観客が笑って、そして、泣いた
2,東京国際映画祭の作品選定ディレクターが教える“裏技”的な楽しみ方
1,こういうWiFi名もアリ？　自作自演もある楽しいWiFiアクセスポイント名
0,相次ぐ芸能人の“すっぴん”披露　その時、独女の心境は？
1,アインシュタインが「宇宙最強」と命名した「iCompaund」で複利を理解【デジ通】
1,スマホで使えるNASに新モデル！　挑戦者の自作NASキット「RockDisk」にHDD入りモデル登場
2,“最凶”の教育映画『先生を流産させる会』の劇場公開が実現
2,インタビュー：剛力彩芽「どんな困難や逆境も乗り越えていく」
1,何で誰もやらなかったの？  重ねるだけで容量を増やせるモバイルバッテリー
0,オオカミはあなたを狙っている！
0,結婚に必要な「覚悟」とは？
0,見た目で損をしていませんか？
1,iPhone用オモシロアプリからお役立ちアプリまで一挙紹介【iPhoneでチャンスを掴め】
1,写真補正がワンタップでできるアプリ！ SnapDishがlivedoorブログと連携
0,女性のロングヘアーは何歳までOKなのか？
2,天才少年トーマス・ホーン「日本のマンガは読まない」
2,M：Iシリーズ最新作が世界各国で好発進！
1,売れ筋モデルがさらにコンパクトに　EPSONより2012年インクジェット新モデル登場
0,キスシーンだらけのDVD、あなたはウットリしますか？
2,目指せ長澤まさみ！ 東宝シンデレラ4人が短編DVDで初主演
2,坂本真綾が新たなヒロイン像「あんなに可愛い酔っ払いはいない」
1,毎日数十万番組！ニコニコ生放送の放送番組数が1億番組を突破
1,プロフィールはいつでも見てもらいたい　tumblrで別ページ作成【知っ得！虎の巻】
2,映画界の“生きる伝説”が人類の起源に迫る
1,ファーストサーバがまたも謝罪！復元時に他人の情報を漏えいか
0,眠れない夜に独女がすること
1,最新鋭タブレット「Cintiq 24HD touch」が登場！プロが徹底チェックした貴重なレビューを公開中
0,“ちょっとだけ贅沢”という気持ちを満たす、プレミアムドリンクが期間限定で登場！
2,3.11開催「モテキナイトFINAL」出演者発表、チャリティーTシャツも発売
1,お得に購入できる裏技あり！楽天の書籍端末が凄い5つの理由
2,【終了しました】新たなヒロインは“美しい”暗殺者、映画『コロンビアーナ』試写会にご招待
1,ThinkPadをNECで生産へ 2012年秋より日本で試験生産【デジ通】
1,待ってましたのGPUが発売！新型Radeon HD搭載カードが続々登場中
0,結婚しても働くのはなぜ？ 既婚女性のつぶやき
1,Dock用スピーカーを簡単に無線化！いろんな器機で使えそうなBluetoothアダプター【イケショップのレア物】
1,Windows8、Retina Mac情報　PCの情報に精通するデジ通の原点【デジ通まとめ】
2,“日本版EMINEM”ヒップホップ界の頂点が問題作のイメージ楽曲で参戦
1,フルHDを超えるWQHDの解像度！　大解像度時代到来！5万円を切るデルの液晶ディスプレイ
1,Webページを丸ごと取り込むワザ！知っているとお得なパソコン快適術【知っ得！虎の巻】
0,女に嫌われ男にモテる！ 恋に勝つのは「ちょいユル」な女たち
2,『ロード・オブ・ザ・リング』シリーズの前章『ホビット』第二部の公開日決定
0,自分のことを名前で呼ぶ独女への提言
1,今でも、後でも読めるニュースがここにある！スマホでもタブレットでも読みやすいITニュース活用法【ITニュースで目指せ情報通】
1,脳トレしたい人にオススメ！NumberLink – Sudoku style game【iPhoneでチャンスを掴め】
2,“神失格の男”ソーが明かす「アベンジャーズは仲の悪い家族」
0,今更ですが・・・、女子力ってなんですか？
2,【編集部的映画批評】中年オヤジとキュートな女子高生の殺戮珍道中 『ゴッド・ブレス・アメリカ』
1,iPhoneに直接転送できるスキャナ！「iスキャミル ミニ」が凄い
1,複数の大手２ちゃんねるまとめサイトに転載禁止の通達！残ったサイトとの違い
2,36カ国で指名手配を受けた“世界で最も危険な男”が日本上陸
1,ネット上の無断転載を巡る議論　無断転載はされて当然という意見にTwitterが騒然
2,世界一有名な探偵が女装？　『シャーロック・ホームズ　シャドウ　ゲーム』の予告映像が公開
0,【オトナ女子映画部】男が惹かれる知的なエロさ『サルトルとボーヴォワール　哲学と愛』
2,3.11から一年、あなたは“あの日”をどう過ごしましたか？
2,日本のセンスが認められた！　『メリダとおそろしの森』のポスターに注目
0,独女たちの好む手土産とは？
2,インタビュー：クリスチャン・ベール「演じることができるのは役者だけ」
0,中身でモテる「するめ男」
0,昔、不幸の手紙は今やチェーンメール
1,何これやばい！ウマそう！　ホントに学食？　最近の学食は驚きの豪華メニュー
1,もっと便利な語学学習を！！NHK出版の「語学プレーヤー」【iPhoneでチャンスを掴め】
2,ティム・バートンとジョニデが8度目のタッグ、念願のバンパイア役を演じる
0,自転車女子、はじめました vol.14『サディスティクなロングライド』 Presented by ゆるっとcafe
1,深くお詫び申し上げます！探検ドリランドの一部機能を停止
2,イメージ一新、上地雄輔がモントリオール世界映画祭に“弾丸”参戦
2,巨大都市ニューヨーク各所に出現した“どこでもドア”
2,“美しすぎる知の女神”優木まおみが、縁結びの神に「触らせて下さい」
2,GWは格安のイタリア旅行に！　岡本太郎も注目のイタリア映画
1,オリンピック最終日ロゴは閉会式！　Googleロゴがスポーツ関連画像に変化第十三弾
1,進む資料のデジタルアーカイブ化　国会図書館が明治時代から昭和27年までの官報を公開
2,ディズニーが創り上げてきた4つの“夢”の世界
0,それでもやっぱりお金持ちと結婚したい？
2,シリーズ最恐＆最高の新たな「絶叫」を生む『スクリーム4』の真犯人は誰だ!?
1,ケーブルいらずのスマホバッテリ！情報満載の1日を振り返る【ITフラッシュバック】
0,「すさんでいる女」にならないためには？
0,結婚の条件によくある「価値観が同じ」は本当に必要？
2,『アーティスト』のミシェル・アザナヴィシウスが監督賞を受賞
0,恋愛マニュアル本って本当に使える？
1,ソーシャルの今が分かる！ヤフーの「話題なう」ってなに？
0,驚異の保水力を持ったプロテオグリカンで夏こそ肌に潤いを！！
1,夏と言えば朝顔！　小学生時代を思い起こさせるアサガオ観察日記ツイート
0,節電モードの夏を乗り切る！　独女たちの暑さ対策
1,ニュースやメールをいつでもチェック！　Chromeをカスタマイズしよう【知っ得！虎の巻】
1,今日は、そういう日だったのか！Googleロゴが馬の写真である理由
1,切れない携帯はホントに必要か？　東京メトロにおける携帯のサービスエリア拡大
1,アップルに対抗できるのか? マイクロソフトの独自タブレット【デジ通】
0,ゴンドラに感謝の手紙……なぜ人は結婚式で過剰な演出をするの？
2,“ポチたま”の人気コーナー、SMAP・香取慎吾＆広末涼子で映画化
2,インタビュー：竹内結子「登場する度に人生の変化というものが分かる」
1,最新のFirefoxが登場！　Firefox 11日本語版が公式リリース
1,最近使ったファイルをキー操作だけで素早く開く【知っ得・虎の巻】
0,チェックしよう！ 一人暮らしの救急箱
2,水道橋博士「五輪を観ずに、自分の“キャッスル”に入って観続けるのもアリ」
0,ロンドン五輪、独女が注目している選手は？
1,脳も疲れない気がする！孫社長 新iPadを大絶賛
0,貧困女子とかマジ勘弁！ 事実婚という選択
2,ブラッド・ピットのジンクスは家族にあり！
2,【GOGW映画 友人編】崖っぷち女が、親友の座を掛けて完璧美女と友情バトル
2,北乃きい、東日本大震災が起きて感じたこと
0,島田秀平が木下優樹菜に“安産”＆“夫婦円満”のパワースポットをご紹介
2,高田純次に美女がキス「沢尻エリカを宇宙に行かせたかった」とテキトー発言
0,女子力も上がる！？ 大人のシール事情！
0,くさったよめがあらわれた！vol.04「身内さえもオカズにするってダメですか!?」presented by ゆるっとcafe
0,三十路オンナのエロ事情
1,復興支援ありがとう！孫社長 復興支援の協力に賞賛の声
1,SSDのフォーマットに注意！ eSATA対応外付けケースを活用 “続インテル SSD 520をMacに装着” （中）【デジ通】
1,龍馬がいたら原発はどうなる？孫社長の問い掛けに賛否両論
2,闇に葬られた禁断の映像…18禁『ムカデ人間2』予告編を見つけられるか？
2,映画『るろうに剣心』撮影終了、ビジュアルが初公開！
2,“今年の顔”剛力彩芽「きものの魅力をたくさんの方に」
1,次のMacはRetinaディスプレイ？Macの高解像度ディスプレイ搭載はいつか？【デジ通】
0,美人力アップの美容のためのプレゼントキャンペーン「0℃体験!?夏ひんやり洞窟ツアー夏のひんやり体験ツアー」プレゼント
1,ヤバイぜ！楽しすぎる！　ニコニコ超会議はガチでマジで“超”楽しい！
0,【オトナ女子映画部】恋愛歴がウブだとスキャンダラスな純愛にハマりやすい？『セカンドバージン』
0,自転車女子、はじめました vol.11『相棒との旅は無限大！』　Presented by ゆるっとcafe
2,謎のモザイク美女の正体はAKB48の篠田麻里子、声優挑戦は成功するか
1,次世代22nmプロセッサー対応「Z77X-UD5H」マザーボードの魅力をさぐる
2,動画インタビュー：スカーレット・ヨハンソン「“魔性の女スパイ”の本当の姿が明らかに」
2,中山優馬が4本腕のサーク族と固い握手、ハリウッド進出を誓う
1,iPhone5やiPad miniは姿を見せるか？アップルのWWDCを日本語で解説
2,号泣ラブストーリー『100回泣くこと』が関ジャニ∞大倉＆桐谷美玲で映画化
0,【オトナ女子コミック部】少女マンガの世界にどっぷりトリップ！『まんがファッション』
1,24時間しょこたん三昧　本日0時より「中川翔子が売ってみた！独り24時間テレビ」ニコニコ生放送開始
0,【オトナ女子映画部】綾瀬はるかよりも可愛い大杉漣に胸キュン！『映画 ひみつのアッコちゃん』
2,せっかくの3D恐怖動画なのに、はしゃぎ過ぎの満島ひかり
1,カワイイは正義！　おかもとまりさんのカワイすぎる顔真似メイキングが反則過ぎる
2,映画『のぼうの城』の公開日がついに決定！ 主題歌はエレファントカシマシ
2,【いちおう妖ヶ劇場】第1話：お嬢様が妖怪アパートへ用かい？の巻
1,Wordで表の列幅や行幅をピッタリ微調整する【知っ得！虎の巻】
0,恋愛に味方する！冬の星座の話
2,人類誕生の謎が明かされる！ 宇宙に飛び出した科学者が見たものとは
0,Facebookで「モテるね」と言われるには？
2,【GOGW映画 家族編】ジブリじゃないのにジブリのような温かさ『ももへの手紙』
0,「生理的に嫌」ってどういうこと？
1,芸能・ゴシップネタはこちら！ ITライフハックでは読めない話題は三面貴族で読もう！
0,モテるのに恋人候補にならないのはなぜ？
0,既婚女性に聞く！ 町選びのポイントとは？
2,“ハートがバクバクしちゃう”未公開シーン収録、『モテキ』BD&DVD発売決定
2,映画鑑賞が“生涯無料”になる
0,【オトナ女子のリアルな悩み】彼女がいる相手を諦めきれません
0,独女でいると貧困に！
1,企業の業績と戦略をiPadでチェック！「IR資料・会社資料ダウンロードサービス」【デジ通】
2,“呪いのフィルム”解禁で関係者に怪奇現象続出
2,なぜ人類は月を見捨てたのか、映画『アポロ18』で驚愕の事実が明かされる
2,かわいいパンダ写真37枚、仕事の合間に見て癒される
2,【週末映画まとめ読み】桐谷美玲「ニノじゃないと味わえない、良い経験」
0,地方出身者に聞く。「今さら田舎に帰れるか！」
2,『トワイライト』ロバート・パティンソンの次なる目標はカンヌ！
0,くさったよめがあらわれた！vol.11「妄想だって継続なり…妄想は永遠だ！」presented by ゆるっとcafe
0,「大桃vs麻木バトル」にみる“不倫”の法律的定義
1,雑誌をPDF化してiPadで読む裏技！スキャナー活用のノウハウを伝授【新スタイル活用術】
2,林家三平＆国分佐智子出演『カーズ2』CMのラブラブなメイキング映像を先行公開
0,女性が気になる ”女の香り“の正体を探る
2,【いちおう妖ヶ劇場】第8話：本の中に、ほんの少し行って現実逃避の巻
1,参加した人も、不参加の人もチャンスがある！Ultrabooker.jpブースも登場したインテルイベント
1,電源不要でボリュームアップ！？ エコなのに音量増幅できるiPhone用スタンド【イケショップのレア物】
1,今話題の画像系SNS「Pinterest 」（ピンタレスト）をiPhoneで快適に使う！ 【iPhoneでチャンスを掴め】
1,富士通がクラウドサービスを開始！「My Cloud」はどんな発展をするのか？【デジ通】
2,【週末映画まとめ読み】待望の最新作が世界各国で首位を奪還し、ミッションクリア！＜12月24日号＞
0,“美容や健康を害す”疲労のこと——、テレビで話題の「イミダペプチド」ってなに？
0,恋を引き寄せる「モテ声」の秘訣、教えます！
2,【編集部的映画批評】“大きなお友達”から子供の手に戻った仮面ライダー
0,試してガッテン!? 独女たちの民間美容法
0,気を遣いすぎる独女に今こそオススメしたい“ＫＹ力”
2,山田孝之と小西真奈美の映画に撮影していない“あるモノ”が映り込んでいた
0,東京23区女ひとり風呂vol.08「杉並区・超爽快！全裸プール」presented byゆるっとcafe
2,“女優”大島優子が北米最大の日本映画祭で受賞の快挙！『闇金ウシジマくん』海外展開も？
1,Ultrabook最大の弱点を裏技で克服！会社や自宅で最強PC環境を作ろう
0,独女的「幸福論」
0,女性はなぜボーイズラブにハマるのか？
1,こんこん、ふぉっくす紺子だよ！暑中お見舞いカードもらってくれてありがとー【紺子にゅうす】
2,竹中直人が絶賛「スカーレット・ヨハンソンの美しさを見ながら、米倉涼子の声を楽しめる」
0,やはりオトコの影響大？　キャラが突然激変する独女たち
0,オトコのカラダ、どこに惹かれる？
0,独女的映画レビュー vol.13　『幸せの始まりは』
1,ネットサービスの解約問題からLinuxでのクラウド使いこなしまで一気読み【デジ通】
2,光と闇の戦いの結末や如何に!? 神キューピーと金塊が当たるキャンペーン
2,トム・クルーズ、タトゥーの入った“ロック”なボディを披露
2,インタビュ—：マット・ボマー（ニール・キャフリー役）
0,頑張る地方婚活プロジェクト！
2,日本一早く金環日食を見る方法、その背後にはナチスの影が
1,"月額1,050円でSASディスクを搭載！クラウドプラン 「エクスライト（EX-LITE）」の魅力を探る"
0,男性が言う“カッコイイ”はアテにならない？
0,震災で変化するネットとの付き合い方
1,違法ダウンロード刑罰化の勉強会開催！　本日17時よりニコニコ生放送でも配信
1,Androidアップデートは何が重要か? OSのアップデートよりも重要な事【デジ通】
0,アラフォー独女のどこか間違っている恋愛
1,意外と知らないExcelのウラ技！仕事で役立つウルトラテクニック【知っ得！虎の巻】
0,【オトナ女子映画部】恋愛に過去や背景は不必要？　シンプルに人を愛す『指輪をはめたい』
0,独女はレディコミ好き……!?　その真相に迫る！
1,ストップ違法コピー！ BSA世界ソフトウェア違法コピー調査2011の結果発表
0,謝らない、傲慢オンナ注意報！
0,ファンケルが「グローバル・プレミアム・ブランド」としてリニューアル！
1,23カ国のiTunesランキングを動画でチェック！【iPhoneでチャンスを掴め】
2,テレビ放送禁止の「お蔵入り恐怖映像」をウェブで公開
1,タブレットより断然快適！一度使ったらやめられないUltrabookとDropbox【新スタイル活用術】
2,ゾンビをバットで倒すゲームをクリアすると美女の“袋とじ”動画が閲覧可能
2,電撃発表！ブルース・ウィリスが育毛剤をプロデュース!?
2,匠の技を凝縮！　ベルセルクのガッツとグリフィスのフィギュアを手に入れろ
0,「夢を語る男」は信用できない!?
0,【オトナ女子映画部】いま最も“女ウケ”が良い吉高由里子の魅力『僕等がいた』前篇
2,東日本大震災から1年、マスコミの災害報道について語る映画が公開
2,妻夫木聡がさえない俳優に、映画『スマグラー』をより一層楽しむ方法
0,その後の結婚生活を占う披露宴での費用分担
2,『ヘルプ 〜心がつなぐストーリー〜』、オクタヴィア・スペンサーが初のGG受賞
2,スピルバーグ監督最新作『戦火の馬』ワールドプレミアで日本へエール
1,ネタにマジレス何それ痛い！　Twitter義務化のパロディニュースに釣られる人続出！
0,女医が教えるオンナの体のウソホント vol.10「体の変化とホルモン分泌の周期」presented by ゆるっとcafe
0,くさったよめがあらわれた！vol.08「5月だからこその妄想で衣替えもウキウキ♪」presented by ゆるっとcafe
2,『桜蘭高校ホスト部』、miwaの歌う主題歌「いくつになっても」が完成
0,独女の母たちの叫び
1,ネットワークダビング対応　ポータブルBDドライブのレビューアー10名を募集
2,インタビュー：高田里穂「また仮面ライダーオーズのヒロインに」
1,お前らどんだけ起きてんだよ！　朝4時過ぎの朝焼け写真大量につき
0,韓国人の彼氏が徴兵されることについて
2,インタビュー：鈴木勝大＆馬場良馬＆小宮有紗「良い距離感の年齢を超えたチームワーク」
0,独女予備軍たちの恋愛観、そして…。
0,独女的書籍紹介『ブータン、これでいいのだ』 新潮社 御手洗瑞子/著
2,「本人そっくり」と世界中で話題の“鉄の女”、ポスター画像と予告編が解禁
1,友達管理が簡単に！　Facebookで新しいリストを作成する【知っ得！虎の巻】
0,男のマザコン、許せる？　許せない？
1,ユニークな携帯マナーが話題 に！ “さすが社学”早稲田大学の携帯マナーが秀逸だと話題に
0,【オトナ女子映画部】“エロ注入！”な大人のおとぎ話『スリーピング・ビューティー　禁断の悦び』
0,三谷幸喜と小林聡美の離婚から考える「結婚生活の意義と秘訣」
2,【元気東北・秋田編】自然の大いなる力と家族の絆を噛みしめる
0,【オトナ女子映画部】“日常”の出会いを“チャンス”に変える！！『新しい人生のはじめかた』
1,これで今日からExcelの達人！ビジネスに必須のExcel基本ワザ【知っ得！虎の巻】
0,【オトナ女子のリアルな悩み】ヨリを戻す約束をして一度別れた彼、今では都合の良い関係に
2,北野武監督が全世界へ殴り込み、怒号が飛び交う口撃シーン
1,HDD内を徹底調査！PageDefragのお供に最適なDiskView【PC快適術】
1,プレミアムなUltrabookが登場！ガラスを多用したノートパソコン【デジ通】
2,野獣系ハリウッドスター、スタントなしでアクションシーンに挑む
1,かなり雰囲気のある写真が撮影できる「残像カメラ」【iPhoneでチャンスを掴め】
0,恋と仕事のマンネリ打破テクニックとは？
1,ふぉっくす紺子だよ！アキバとPC業界を応援します【紺子にゅうす】
1,iPhoneからどこでもOffice書類にアクセス　SkyeDriveを徹底活用【知っ得！虎の巻】
2,『トイ・ストーリー』ファンが熱望した短編映画が日本上陸
1,アナタはどっち派？「谷間」対「太もも」　じわじわ広がる「#女子ふともも晒し祭り」
2,大富豪が年金を私的流用し損失、報復で2億円のフェラーリが無惨な姿に
1,最新モバイルルーターに強い味方！ドコモ BF-01D用大型大容量バッテリー【モバステ通信】
0,あなたの厄年ど〜でした？
1,Mountain Lion登場！　25日よりMac App StoreからMountain Lion公開
1,液晶を開けて自動復帰と電源入り パソコンの使い勝手を改善 【デジ通】
1,米テレビ番組がiPhone工場に潜入！【役立つセキュリティ】
0,“ファン待望”のフレーバーがついに登場　ピンクで可愛くリフレッシュ
0,東京23区女ひとり風呂vol.10「練馬区・江古田のコンパで出会った人は…」presented byゆるっとcafe
0,自転車女子、はじめました vol.02　Presented by ゆるっとcafe
1,Firefoxの超簡単ブックマーク登録ワザ【知っ得！虎の巻】
1,テレビ電話にもなる！ iPad対応のBluetoothキーボードとハンドセット【イケショップのレア物】
2,【DVDエンター！】シャアの声を持つFBI捜査官が、天才犯罪者とコンビ結成
0,東京23区女ひとり風呂vol.06「北区・春のテルマエ風呂」presented byゆるっとcafe
2,【週末映画まとめ読み】椿鬼奴が、スタイルが良いと噂の“後ろ姿”で男性を悩殺　＜9月17日号＞
2,三池崇史監督、『一命』に続き『愛と誠』で2年連続カンヌ選出
2,“美しすぎる”キャットウーマンが日本へやって来る
1,ニコニコ動画の音楽ダウンロード始まる！NicoSoundにJASRACに加えJRCの管理楽曲が対応
1,本日のGoogleロゴは砲丸投　Googleロゴがスポーツ関連画像に変化第五弾
1,今もっとも注目の「Ultrabook」が20台貰えるレビューアー募集！活用サイト「Ultrabooker.jp」がオープン記念
2,マット・デイモンとスカーレット・ヨハンソンが共演、世界を感動で包んだ実話を映画化
0,どうやっても貯められない30代女子の貯金改革!! Vol.1「貯金の第一歩は支出を知ることから！」Presented by ゆるっとcafe
0,どうやっても貯められない30代女子の貯金改革!! Vol.6「お金がなければ貧乏もできない」Presented by ゆるっとcafe
0,バレンタインのお返しは3倍返しで！？
2,魅力満載なスマホ向け放送局「NOTTV（ノッティーヴィー）」はじまる！
2,「最終章」なんて言わないで “続編”が恋しくなる『ダークナイト ライジング』
1,iPhone、iPodの音質が劇的改善！ 「FANTABIT」で音楽に革命を【デジ通】
0,お金もあって家柄もいいは敬遠される？
0,【オトナ女子のリアルな悩み】恋も仕事もうまくいかない自分に嫌気が差しています
1,意図しない共有をさがし出す！　ShareEnumで覚えのないファイルやフォルダの共有をチェック【PC快適術】
2,【いちおう妖ヶ劇場】第12話：ミニサイズになって体内を“見に”行くぞの巻
2,“闇の世界”の美しき処刑人、12年の眠りから遂に覚醒
2,東山紀之、マット・デイモン主演映画で吹き替えに初挑戦
0,女性のわがままを全て叶えた逸品　「マイ フェラガモ」フェア開催
0,家に帰ったらダメ人間化!? 人には見せられない私の姿
1,iPhone動画のムダをトリミングして飽きさせない【知っ得・虎の巻】
1,ダウンロード版ゲームはお得に購入できるのか？ 新たに始まった任天堂のダウンロード版ゲーム【デジ通】
2,【いちおう妖ヶ劇場】第6話：バレンタインチョコなんて、ちょこっとも欲しくないの巻
1,古いWiFi環境に追加するだけ！　最大300Mbps通信を可能にする家電用アクセスポイント
1,これを付ければ速くなる！？　AMDプラットフォームに最適化されたメモリー登場
0,結婚を国民の義務にする？
1,英語の音声認識で英会話練習 自分の発音を客観的に知る方法【デジ通】
2,“日米最強女優”米倉涼子がスカーレット・ヨハンソンとの夢の初競演
0,「愛している」と言っていますか？
0,普通の友だちとは何が違う!? 「堅い絆で結ばれた“堅とも”」とは!!
1,世界最大7.7インチ液晶タブレットで全機種Xi対応　ドコモより新機種5モデルが登場
0,モテなくて得したこと
2,『劇場版 FAIRY TAIL』の一部を原作者が暴露
1,心の中に音を感じたときに撮る！相星哲也 氏が語る、音を感じる風景【NEXT GENERATION】
0,オホホ！なダイエット、トホホ！なダイエット
1,日経新聞のiPad専用アプリが登場！新聞の読み方はどう変わるのか【デジ通】
1,無職ランナーをオリンピックへ！　プレアカ1か月分でスポンサーになれる
0,こんな時どうすれば！？  ピンチを切り抜けるための得策とは？
0,意外と身近にあるレアアースを知る
1,ウェブページのイメージを丸ごと取り込むワザ【知っ得・虎の巻】
2,【2011下半期アワードvol.3】大迫力の映像体験、「低俗な映画」は最高の褒め言葉
0,男の涙は好きですか？
1,スマホが使える時間をのばす裏技！激安のモバイル大容量バッテリー【モバステ通信】
1,ハードルが高いダブルすれちがい ドラクエXですれちがいは盛り上がるか?【デジ通】
2,インタビュー：ミシェル・ウィリアムズ「マリリンのイメージは虚像」
1,起業家のための事業継続支援サイト「開業計画NAVI」を立ち上げ！
2,第24回東京国際映画祭作品ガイド＜日本映画・ある視点部門＞
0,香り対策で女子力もUP!?
2,金環日食に反応したか、ベルセルクのベヘリットが期間限定で血の涙を流す
1,iPhoneをド派手に着飾れ！　個性派のためのセンサー付きイルミネーションケース【イケショップのレア物】
1,Google Drive対抗か！？ Dropboxが着実に機能アップ【デジ通】
0,恋人不在多数、恋愛低体温症の独女たち
0,女性にも多い痔主さん！相談しにくい「おしり」の話
1,マイクロソフトが方針転換を始めた！マイクロソフトの独自タブレット【デジ通】
0,自転車女子、はじめました vol.09「峠こそ、美女を作る！？」Presented by ゆるっとcafe
0,美人は損をしているのか？
1,LAWSON Wi-Fiが大炎上！　WiFiサービスを使うと友達を無くす規約にTwitterが騒然
1,UbuntuでOffice互換ソフトを使う OpenOfficeをめぐるあれこれ【デジ通】
2,顔に十字架の刺青をもつ、人類史上最強の聖職者
2,インタビュー：横山智佐子「監督が旦那さんなら編集者は奥さん」
2,沢尻エリカと浜崎あゆみが強力タッグ！ 極彩色の唇のポスター画像も同時解禁
2,ピラミッドが20年でつくられたという話は嘘
0,【オトナ女子映画部】この世で一番恐い女は？　映画を超えたリアルサスペンス『ヘルタースケルター』
0,存在感の無い私
2,【週末映画まとめ読み】最新映像で明らかになる、“ダークナイト”驚異の全貌
0,【合コン科学研究所〜目ヂカラ編〜 】 実践！ 合コン必勝の“目ヂカラキープ”術
2,全世界を席巻、最強“アベンジャーズ”現象が全米からヨーロッパへと拡大
2,【プレゼント】伝説の推理作家 VS 小説模倣犯、命を賭けた5日間の頭脳ゲーム　映画『推理作家ポー 最期の5日間』試写会にご招待
1,間違えてコメントしちゃった！をないことにするFacebookワザ【知っ得！虎の巻】
0,アラサー独女が見た“バブルを引きずるアラフィフ女”
0,メル友男女のドライブデートは「あり」か「なし」か？
1,PSPソックリのAndroid端末が登場！レッドスター、携帯ゲーム機「JXD 5000」を販売へ
2,【週末映画まとめ読み】“ダークナイト”キャットウーマンの強烈バストにノックアウト！
2,【DVDエンター！】速い男に群がるセクシー美女「ワイルド・スピード」の“MEGA MAX”な最新作
0,みんな知ってる！ の「みんな」って誰？
0,【独女的コミックレビュー】vol.7 新婚の夫は12歳！　年下ダーリンに惚れる『乙嫁語り』
0,【オトナ女子映画部】あの時こうしていれば…“優柔不断女子”に贈る映画『ハーフ・デイズ』
2,恐怖の生“貞子”の登場に、シドの新曲お披露目会場は騒然
1,購入してよかったの最高はEOS DIGITAL　ブランド総合研究所「デジタル家電イメージ調査2012」
2,栗山千明「チョコあげるのをドキドキしてました」
1,アナタなら10個のCPU何に使う？　SandyBridge-EとX79マザーの使い道を大募集中
1,あなたのiPhoneサクサク動く？　もしダメなら「サクサク for iPhone 改」【iPhoneでチャンスを掴め】
0,自転車女子、はじめました vol.12『「輪行」のその先に・・・・・・』　Presented by ゆるっとcafe
0,【独女的コミックレビュー】vol.4『遠野物語』
0,【オトナ女子のリアルな悩み】メールや食事の誘いはすべて私から…彼は私に興味がないのでしょうか。
0,【オトナ女子のリアルな悩み】告白して断られた相手を諦めきれずにいます
1,Dockコネクターに直挿し！iPhoneやiPadにケーブルいらずのバッテリー【イケショップのレア物】
1,高画質と小型・軽量化を両立！キヤノンのミラーレス一眼「EOS M」を見てきました
1,ドデカクーラー登場！　ZALMANより6本ヒートパイプの巨大CPUクーラー
2,【終了しました】映画『空飛ぶペンギン』一般試写会に5組10名様をご招待
2,なぜ忌野清志郎が、多くのファンやアーティストに愛されるのか
2,「はやぶさ」のグルメ登場！　うな重にカレーにケーキまで
1,電子書籍では何が重要なのか？ 本格化する日本の電子書籍【デジ通】
0,古き良き日本文化を伝承する「お正月ニッポンプロジェクト」に注目
2,【週末映画まとめ読み】栗山千明「今の平和な世界が大好きなんです」
0,女性も驚愕!? スキンケアしていない人は70%と男性の意識の低さが判明
1,ThinkPad X1風アイソレーションタイプへ！ ThinkPad新シリーズのキーボード一大変更
0,【オトナ女子のリアルな悩み】好きな人がふたり…。一人にしぼるための方法とは
2,【週末映画まとめ読み】北川景子、芦田愛菜が声優担当の作品は3位。どうなる篠田麻里子
0,夏の汗はニオイより汗ジミに注意！
1,語れば語るほど、メッキが剥がれていく！孫社長「あきらめていないか？」
1,レノボWindows 8タブレットを公開 詳細は不明ながらThinkPad同様に企業向け【デジ通】
1,ユニークなアイデアが満載！目からウロコの商品しか売らないショップ【イケショップのレア物】
2,劇団ひとりが“マル・モリ・ダンス”子役の人気に便乗
2,武藤敬司が暴露「闘魂三銃士は仲が悪かった」
2,“崖っぷちの男”の本当の目的
2,インタビュー：マシュー・グレイ・ギュブラー、シェマー・ムーア「お互いに、今が一番いい状態」
1,USB機器を家族で使える！無線LAN対応USBデバイスサーバー「WN-DS/US」のレビューアーを募集
2,水樹奈々、映画主題歌の初披露にファン1500人が大興奮
2,インタビュー：リン・コリンズ「現代にはヒーローが求められている」
1,3万円台のコンパクトベアボーン　ZOTACのベアボーンに新モデルが登場
0,自分の「リスト」作りは一人セラピー？
0,くさったよめがあらわれた！vol.10「むせかえる暑さにご立腹な女子のみなさまへ」presented by ゆるっとcafe
0,独女通信が見た「独女たちの5年の軌跡」Vol.5 〜婚活とは、人生最大の営業活動なのか？ 〜
0,くさったよめがあらわれた！vol.02「ムカつく上司がこんなにも好きになる!?」 presented by ゆるっとcafe
0,給湯室で抹茶を楽しむ『給湯流茶道』とは？
0,毛抜きから充電器、縁起物まで！　独女の持ち物大調査
0,手相占い体験談！ 結婚線ができた！ 女難の相が当たった？
1,ソーシャルゲームは他と何が違う？高収益を上げるゲーム会社とは【デジ通】
2,【元気東北・宮城編】仙台から東北そして日本全国へ、ヒーローと凡人との強い絆
2,「役者になるために生まれて来た」「普段は三枚目」沢尻エリカの素顔
1,DropboxはLAN DISKで管理する時代へ！複数Dropboxアカウントをまとめて利用する方法
2,【編集部的映画批評】本格的なパフォーマンスを約束！　新たな聖歌隊が感動を呼ぶ
1,手ごろな価格のクーラー登場　ノートPCの熱対策はOK？第二弾
0,ぶっちゃけ結婚後はどうなっている？独女による「婚約指輪の謎」
2,ウルトラマンとDAIGO、北の大地でファンタスティック
0,女たちの梅雨対策
1,アイコンを変更してフォルダーを目立たせる【知っ得・虎の巻】
2,【2012年先取り映画vol.4】天才ドライバーの不器用すぎる恋
1,もちろん見てきました！デルがはなつUltrabookの本命！写真で見てもカッコイイ「XPS 13」
1,重量を当ててUltrabookをゲット！ NEC LaVie Zの重さ当てクイズ【デジ通】
2,人類を地獄へと突き落とす、全長500メートルの魔神の姿が明らかに
0,【オトナ女子映画部】幸せの“フリ”が自分を破滅に追い込む？『彼女を見ればわかること』
1,文字が超きれいなRetina Mac！文字にこだわるならこれしかないでしょ【デジ通】
0,不運が重なるのはなぜ？　独女の嘆き
2,バットモービルを自分好みにカスタマイズ！男心をくすぐる『ダークナイト ライジング』“タンブラー・デザイナー”が登場
0,夢を見ると綺麗になれる——、女子力アップに“宝くじ”のワケ
2,一夜限り！広末涼子ら出演の懐かしいドコモCMがオンエア
2,吉高由里子「顔はCGかも知れない」発言に、女性ファンたち大爆笑
0,増え続ける最大級規模のアウトレットモール、独女が楽しむコツは？
2,“和製キャプテン・アメリカ”の誕生を追う
2,2人の“エリカ様”が女優復帰会見でEXILEダンス披露
0,遠慮は得か！？「情けは人のためならず」？
0,【オトナ女子コミック部】四姉妹と鎌倉と季節の情緒と。ひたひたと心に染みる群像劇『海街diary』
2,【GOGW映画 恋人編】 ゾンビによるゾンビのための純愛映画 『ゾンビ・ヘッズ　死にぞこないの青い春』
0,私、職場での呼び名に悩んでいます
2,【2011下半期アワードvol.1】ツッコミを入れずにいられない、Perfume大抜擢の映画
2,“アポロ計画陰謀論”を裏付ける、恐怖の流出映像
2,インタビュー：林遣都＆桐谷美玲「とにかく、みんなを愛しています」
0,料理やファッションをついネットで晒してしまう心理とは？
2,史上最強の名コンビ・ホームズ＆ワトソンが帰ってくる、続編の日本公開が決定
2,どちらが勝つのか？ “ロックバンド”と“紙芝居”の異種創作バトル
2,『バイオハザード』を超えた、『三銃士』がドイツで初登場1位を獲得
2,ホラー映画が高校生割引をする理由、“放課後の肝試し”のすすめ
1,じゃあ、その分の電気使わないでね！孫社長「大飯原発、運転継続理解できない」
1,「こんな時、英語で何ていう？」日常生活とビジネスで使えるアプリ！【iPhoneでチャンスを掴め】
1,常識を塗り替える軽いUltrabook！新製品ラッシュの1日を振り返る【ITフラッシュバック】
1,おはこんこん、ふぉっくす紺子です！アキバで流れる動画が決まりました【紺子にゅうす】
2,有言実行の男、ジュード・ロウが自信作を引っ提げ来日決定
2,インタビュ—：ウィリー・ガーソン（モジー役）
0,独女的映画レビュー vol.7　『ビフォア・サンライズ』
0,【オトナ女子のリアルな悩み】元彼が忘れられません。彼以上の幸せの形はありますか？
0,今年のクリスマス、リムジンのお出迎えでセレブな1日はいかが？
0,どうやっても貯められない30代女子の貯金改革!! Vol.8「男子の金銭感覚はココを見る！」Presented by ゆるっとcafe
0,あなたは大丈夫？ファッションの聖地で“イモ女”を大捜査
2,鳥越俊太郎、妊娠発表した矢沢心に「子どもは希望」
1,人気のスマホに強い味方！ドコモ GALAXY S II SC-02C 大型大容量バッテリー【モバステ通信】
2,【いちおう妖ヶ劇場】最終話：A級映画に永久になれないのかの巻
0,ツイッター上で嫌われるのは、こんな“つぶやき”をする女
1,タグ付けから友達管理まで　Facebook活用のスゴ技・裏技テクニック集【知っ得！虎の巻】
2,『ベルセルク』第2部は、前作を超える“エロス”と“バイオレンス”に注目
0,自転車女子、はじめました vol.16 「MTBで木陰の冒険」 Presented by ゆるっとcafe
2,『スター・ウォーズ』の前売券に長蛇の列、『アバター』の3倍の売上で売り切れも
1,海外でも快適インターネット！KDDI、「au Wi-Fi SPOT」のサービスを拡充
0,【独女的コミックレビュー】vol.3『にこたま』
2,庶民がセレブモデルのハートを盗むための3カ条
0,【オトナ女子コミック部】誰かと一緒の毎日はこんなにも楽しい『泣き虫チエ子さん』
1,ゲームセンターの楽しさを手のひらに！Air Hockey : Extreme Fun【iPhoneでチャンスを掴め】
2,『ヒミズ』原作古谷実の描き下ろしイラストを解禁
0,日本の大切な文化“お正月”について学び、情報発信をする「お正月キュレーター候補生」を大募集！
1,いきなり列番号が変わっても慌てない！　元に戻せるExcel設定【知っ得！虎の巻】
2,最強映画『アベンジャーズ』、歴代最速で『アバター』『ハリポタ』越え
0,原著作者のクレジットを表示し、ニュース記事の改変をしないことを条件に、記事全文を
2,仮面ライダーヒロイン・高田里穂のコスプレ願望＜2011年インタビューまとめ vol.6＞
1,アメリカのアプリランキングで人気！直感的な操作でハマル「Fancy Pants」【iPhoneでチャンスを掴め】
1,泣くとかじゃなくこれはヤバイ！鉄拳のマンガにネット住民号泣
0,結婚は“相手”より“タイミング”の問題？「ラブ・ダイアリーズ」
0,あなたのモテ期はいつやってきた？
0,独女に問いたい。なぜあなたは痩せたいの？
0,どうやっても貯められない30代女子の貯金改革!! Vol.2「己を知る者が支出を制す!?」Presented by ゆるっとcafe
2,ジャガーとトラが対決！ 「奇跡体験！アンビリバボー」も驚く、あり得ない体験
1,作りたいのは碁盤目のような表ばかりじゃない！　Wordの表を自由自在に編集【知っ得！虎の巻】
1,Windows 8 Proが1200円！ 「Windows 8 優待購入プログラム」【デジ通】
1,スマホに関する疑問に答えます！ PC使い故のスマホへの疑問を解決【デジ通】
1,2200mAhでわずか65g！GALAXYを最強にするバッテリー内蔵ケース【イケショップのレア物】
0,【オトナ女子のリアルな悩み】一年以上も会えていない彼と結婚できますか？
1,危険なのはWindowsだけではない！無料のセキュリティソフトを活用する - Mac必須アプリ (最終回)【デジ通】
0,アラサー独女が見た“バブルを引きずるアラフィフ女”
0,酔わないビールはビールでは無し！ ノンアルコールビールを飲む独女は少数派？
1,ありそうでなかった便利グッズ！iPad2用バッテリー内蔵ケース
0,独女的映画レビュー vol.12　『ブリジット・ジョーンズの日記 きれそうなわたしの１２ヶ月』
2,“ゴールデン・グローブ主演女優”メリル・ストリープの来日が決定
0,【オトナ女子映画部】20代“モテる女”vs.アラフォー“選ばれる女”『ウソツキは結婚の始まり』
1,1日3名が11日連続で何と33名！　「SAMSUNG SSD 830シリーズ」のレビューアーを大募集
1,新しいiPadでわかったLTE 新サービス開始当初の混乱期【デジ通】
1,頭を使うアプリをお探しのアナタに！陣取り合戦風で囲碁にも似たブロックゲーム「Blokus」【iPhoneでチャンスを掴め】
2,『荒川アンダー ザ ブリッジ』の“荒川ワールド”満載な予告＆ポスターが公開
1,こんこん、ふぉっくす紺子だよ！暑中見舞いカードを無料配布してます【紺子にゅうす】
1,もう糞アプリとは呼ばせない！これはもはや芸術だ【iPhoneでチャンスを掴め】
0,あなたが同性から嫌われる理由
0,巷で話題の「アロハ診断」。あなたが輝くブランドは！？
2,ダース・ベイダーにより守り神ビリケンさんがダークサイドに堕ちる
2,“のぼう様”が仕掛けるとんでもない奇襲とは？　コミカルな予告映像が公開
1,スマホでシャッター＋デジタル一眼レフ画質のAPS HDセンサー搭載ミラーレスデジ一眼「NEX-5R」を発表
2,スパイからロック・スターへ転身？　トムがミュージカル映画に初挑戦した予告映像が公開
0,【オトナ女子映画部】“隙だらけ”のウザい女に学ぶ男心のつかみ方『乱暴と待機』
0,「突撃！隣の晩ごはん」のヨネスケが、今度はヘアコスメメーカーの「OLランチ」を突撃レポート！
2,桐谷美玲が“美食”をテーマに新CM出演、CM曲はmoumoon
2,全米で1370万DLを記録、『アベンジャーズ』日本版予告編が遂に解禁
0,言いにくい「芸能人の○○みたいにして」の一言
1,おはこんこん、ふぉっくす紺子です！オリジナルグッズがアキバ進出だよ【紺子にゅうす】
1,Windows8登場でどう変わる？ 2012年パソコン秋冬モデルの動向を考える【デジ通】
2,世界興収1位『アバター』が生んだ“崖っぷちの男”と“最強のヒロイン”
2,『エクスペンダブルズ2』、前代未聞の“予告の予告”が公開
0,【オトナ女子映画部】“選ばれる女”はココが違う！『ベスト・フレンズ・ウェディング』
2,1枚のイラストから始まった一大プロジェクト「ブラック★ロックシューター」限定プレミアfigmaが解禁
1,GALAXY SIIIが圧倒的人気！　MMD研究所「2012年夏発売の携帯電話スマートフォン新端末購入意欲調査」
1,パソコンとテレビが合体した製品！NECの技術を盛り込んだ、レノボの新PCが凄い
0,あの頃、携帯電話があったなら……
2,沢尻エリカが5ヵ月ぶりに公の場「りりこの全部が自分とシンクロしていた」
1,これでぐっすり！早く眠れる睡眠導入アプリ 【iPhoneでチャンスを掴め】
2,“人類の起源”は、決して開けてはならないパンドラの箱なのか
1,まだまだ残暑厳しい今夏　ノートPCの熱対策はOK？
2,【DVDエンター！】名作「ロッキー」のロボット版、ボクシングの“興奮”と“感動”を誘う人間ドラマ
0,独女たちの暑さとストレスを癒す「ちょっといい話」
2,ミッキーがお出迎え「ディズニードリームシアター　110の仲間たち」開催中
0,「3秒」で恋愛対象外？ 残念なイケメン君が増殖中！？
2,ゲームパッケージを持って劇場へ！　映画『ドラゴンエイジ』連動キャンペーンを実施
0,話題沸騰の「アロハ診断」。早くも第5弾！
1,わずか7分で散会！ 改正著作権法案が参院文教科学委員会を通過し本会議へ！
1,ドコモのスマホに強い味方！ドコモ MEDIAS PP N-01D用大容量バッテリー【モバステ通信】
0,既女に聞いた「キラキラネーム」をつけたがる心理
1,とりあえずペンディング！　続・無許可ダウンロードの罰則化が引き起こす問題
2,“人類の起源”の謎の答えが隠されているのか、『プロメテウス』スポット映像が公開
0,【オトナ女子コミック部】元AV女優がぶっちゃけるエロカワ漫画『アラサーちゃん』
0,理想が高いから結婚できないんじゃない？
2,【速報】第69回ゴールデン・グローブ賞、『アーティスト』が最多3冠
1,ブラウザカスタマイズのポイント解説　Firefox＆Chrome使いこなし術まとめ【知っ得！虎の巻】
0,夏に恋人が出来ないと、秋冬も期待できない理由
0,独女的映画レビュー vol.9　『抱きたいカンケイ』
1,ターガス製のUSB3.0ポートリプリケータ登場！　レビューアーになれば無償でゲット
0,食と生活を見直して、旬の女になろう！
0,資格って本当に転職に有利ですか？
0,【Krush】8・12梶原龍児＆寺戸伸近の王者コンビがメインに登場！全カードの試合順
0,オレオレ男子に妥協できない独女の微妙な境界線
2,“和製レディー・ガガ”きゃりーぱみゅぱみゅ「ジワジワと世界征服したい」
2,日本最果ての地で誕生した映画が『しんぼる』『となりのトトロ』に続くプレミア上映決定
1,色んなアイデアが爆発！　にゃんこ型イヤホンジャックカバーの次は何だ？
1,考えると寝られなくなる！「念力」「滲透」「輪郭」、ドキっとする摩訶不思議な写真展【新-写真空間】
2,【いちおう妖ヶ劇場】第14話：トマトがきらーいな人にはキラーな映画なのじゃの巻
0,【オトナ女子のリアルな悩み】交際5年。彼が結婚に踏み切ってくれません
2,美山加恋と優香が福島に！ 絆をつなぐ大切さを映画を通して伝える
0,ゆとり世代のどこが悪いの!?
0,「また」を連発する社交辞令女子が増加中！
0,流行は回帰する……ブログが再び面白い理由
1,iPhone撮影の手ブレを防ぐ！ iPhone用のシャッター延長アクセサリー【イケショップのレア物】
0,モンスターに出会ってしまったら？
0,【独女通信編集部】2011年記事まとめ　vol.1
1,SSDでMacの起動は爆速化！ しかし限界も… 続・Intel 520 SSDを旧Macに装着 （下）【デジ通】
2,【週末映画まとめ読み】海外賞レースの行方は？ 日本は仮面ライダーが怪物くんを抑える
1,東芝より3TバイトHDD登場！ 主要メーカーの3.5インチHDDで3Tバイトモデルが出そろう
1,カーシェア・レンタル利用派に最適！シガーソケットホルダー for スマートフォン【イケショップのレア物】
0,となりの会社のおやつ事情
1,写真魂のバトンリレー！GRデジタルをバトンに若き写真家たちの駅伝写真展がスタート
2,男にダマされCIA入りした“美人すぎる”女スパイ
2,映画監督、スポーツ選手ら各界の著名人が『ダークナイト ライジング』を大絶賛
0,コトが終わったあとのピロートークは必要か
0,悲しいかな、おばさんファッションへと移行していく理由
1,入手困難なDVDドライブが絶対当たる！ ZENBOOKを買うと絶対もらえるキャンペーン開始
2,「好きよ、抱いて！」、映画『モテキ』着信ボイスを無料配信
2,『007』シリーズ、記念すべき生誕50周年の作品は「スカイフォール」
2,『ベルセルク』2作目、最愛の友との決闘と別れを描く
0,「独女×僕等がいた」恋愛術：友情＞愛情　“良い子な女”で棚ぼた幸せをゲット
1,おはこんこん、アキバ大好き！祭りだよ【紺子にゅうす】
1,診断ツールでパソコンを高速化！アプリで劇的に高速化するPC裏技【知っ得！虎の巻】
0,既婚の女友達にムカッ！とすること
2,ベルセルクのパート2を振り返り、岩永洋昭「10000キロカロリーくらい消費した」
1,Windows＆LinuxのデュアルOS！ Thinkpad X1 Hybrid　3/9より発売開始！
0,独女の疑問……結婚後のマイホーム購入は当たり前？
1,自宅が無料ビデオレンタル店になる！8ch全録＆おまかせ録画が実現するテレビ天国
1,いよいよ夏本番！ 梅雨明け後の夏らしい青空写真
1,PS Vita 3G版ユーザーで何割のユーザーが3G通信を解約したか考えてみる【デジ通】
2,貞子、韓国に「アニョハセヨ！」電車にも乗って呪いの交流
2,大小逆転の生物に仰天！ 『センター・オブ・ジ・アース2　神秘の島』の予告映像公開
2,2011年“親子の絆”を感じた映画
2,怪物ウサギが手招きする“恐怖の遊園地”へようこそ
1,緊急速報！ちょっとしたアクシデントも発生！最強の電子ブックリーダー「kobo Touch」開封レポ
2,柴咲コウ、話題の新プロジェクトがデビュー前夜にシークレットライブ開催
2,【終了しました】ハリウッドも注目する“笑って泣ける”話題作『最強のふたり』ジャパンプレミアにご招待
0,男の人の結婚指輪ってチェックする？
1,オリジナルのままじゃつまらない！　ひと手間加えてTumblrのデザインを変更する【知っ得！虎の巻】
2,グラドル紗綾がセクシーな甲冑に身を包む！　『スパルタカス』のキャンペーンガールに決定
1,新しいウィンドウを素早く開いて次の作業を開始【知っ得！虎の巻】
1,MSIより低価格マザー登場！　Ivy Bridge対応のIntel 7シリーズ激安マザー
1,これは商品化して欲しい！　テニプリベースのイヤホンジャックカバー
1,ゲームサウンドが聴き放題！ 24時間無料でゲームサウンドが聴けるSQUARE-ENIX AUDIO
2,【終了しました】ジュリア・ロバーツが悪役に初挑戦！『白雪姫と鏡の女王』特別試写会にご招待
2,【いちおう妖ヶ劇場】第4話：謹賀新年、サイコロの目でサイが飛び出すの巻
0,イライラさせる、男性の仕草＆発言とは？
0,「本気」で結婚したいですか？
0,梅村ゆずの結婚どころじゃないんですっ！vol.4「独身女の厄年」　Presented by ゆるっとcafe
2,ジャッキーに六本木が沸く！グリーンカーペットの様子を生ツィート中
0,意外と知らない我が家のルーツ！ 新年会でご先祖様トークはいかが？
0,独女的映画レビュー vol.2 『そんな彼なら捨てちゃえば？』
1,写真の中に「人」がいる！美し過ぎる愛娘を通して人を撮る写真家に極意を見た【NEXT GENERATIOIN】
1,本日のGoogleロゴはやり投　Googleロゴがスポーツ関連画像に変化第七弾
2,【週末映画まとめ読み】武井咲「あまり台本を読まなくていいのかな？」
1,iPhone ・iPadがハイビジョンテレビに！次世代ルーターとテレキングの裏技
0,どうやっても貯められない30代女子の貯金改革!! Vol.5「何事もバランスが大切！ 」Presented by ゆるっとcafe
0,最悪逮捕も!? 不正アクセス禁止法を学ぶ
2,間寛平＆慎太郎親子が観客と大合唱「忌野清志郎はロックのキング」
0,許される下ネタのボーダーラインとは
0,いま話題のフレンチトースト！ きな粉＆黒蜜味に、明太マヨ味…。
2,セックス描写が激しすぎて公開できなかった映画、ヘアーをぼかすことで許可おりる
1,書式を再利用　手間を省いて見栄えを整えるWordワザ【知っ得！虎の巻】
1,あなただけのオリジナルダンス作成！ Twitter/Facebook連動コンテンツ「重低音BROTHERS meets EXTRA BASS 」
1,全国21店舗で配信開始！　ドスパラが9月より店内放送型情報番組を開始
1,どこでもファイルを活用　GoogleドライブとローカルPCを自動で同期する【知っ得！虎の巻】
1,"Windows 8優待購入プログラム解禁！　ドスパラなら1,200円でWindows 8にアップグレード"
0,日本←→韓国ドラマのリメイク作品、どう思う？
0,「結婚を焦ってる人」と言われたら
0,【オトナ女子映画部】人は何度でも生まれ変われる「ニューイヤーズ・イブ」
1,タスクマネージャーよさらば！　プロセスが手に取るようにわかる「Process Explorer」【PC快適術】
0,オフィス節約術の新しい味方！
2,人気漫画「クローバー」の連続ドラマ化が決定
2,『バイオハザード ダムネーション』特報予告が遂に解禁！リアルな質感と超ハイクオリティな映像に驚愕せよ
1,スマホ＆ケータイ、デジカメ＆携帯ゲーム機で！色んなSDカードを一挙解説！
1,高解像度の写真で見る！キヤノンのミラーレス一眼「EOS M」はココが凄い
2,広末涼子の鬼気迫る“婚活演技”が圧巻！　『鍵泥棒のメソッド』予告編が公開
1,忘れそうになってた！孫社長の格言的な言葉が話題
2,“チャラ男”藤森が悩殺ビキニ美女たちと“ハワウィ〜ガールズ”結成
1,現場の一瞬を切り取り番組の裏側を伝える！日本テレビ「ZERO写真展」を開催
1,アナログとデジタル、リアリティと幻想が混在する不思議！文本貴士氏の写真展「追憶」を開催へ【NEXT GENERATION】
0,【オトナ女子映画部】“情熱”vs.“安らぎ”パートナーに求めるのはどっち？『トゥー・ラバーズ』
1,北川景子さんが美しさの秘密を語る！NEX-F3 スペシャルコンテンツ「with α」がオープン
1,iPhoneにぴったりフィットのケース登場！シリコン素材で帯電防止機能も持つiPhone 4S/4用ケース
0,もうプロポーズを待たない女たち
1,ハイスペックのグラフィックスを搭載！マウスコンピューター、コスパに優れた高性能ゲームPCを発売
0,今さらながら、運命の出会いについて考えてみる
2,大島優子「どういう気持だったか、察して頂けるとありがたい」
1,デジ一眼に匹敵する最強コンデジ！有効4600万画素の「SIGMA DP2 Merrill」が凄い理由
1,最新の標的型攻撃メールに注意せよ 【役立つセキュリティ】
2,【週末映画まとめ読み】2012年公開映画を先取り、人生を豊かにする名作の数々
1,トラブル回避策も不発！SSDを交換したものの…インテルSSD 520をMacに装着 （下）【デジ通】
2,【編集部的映画批評】ラジオから流れる懐かしの名曲と共に蘇る、青春時代の輝かしい記憶
1,加入者は追加料金なしでOK！ WOWOWのスマホ向けオンデマンドサービス【デジ通】
1,auなら月額590円で映画が見放題！新作映画も楽しめる「ビデオパス」が凄い
2,“アジアの歌姫”倉木麻衣、アジアメガヒット映画の主題歌に抜擢
2,JOYが4本腕の怪物姿でエスコート、『ジョン・カーター』ジャパンプレミア開催
1,マイクロソフトの独自タブレット「Surface」の販売体制はどうなる？ 【デジ通】
0,今や自分磨きは社会貢献！？
0,大きくて困ってます─小さく見せたい女の象徴
0,もうおばさんのサイン
1,LINEで新たな価値を提供！LINE公式アカウントに小説コンテンツ「トークノベル」を追加
1,ガガを聴きながら毎朝歯磨き！　レディー・ガガ　シンギングトゥースブラシ独占先行販売
1,毅然とした態度で臨んでいく！グリー田中社長が訴訟の判決にコメント
2,“IQ201で餃子好き”当麻の左手は神か悪魔か
0,お父さんは好きですか？
1,違法ダウンロード刑罰化やRetinaディスプレ搭載MacBook Pro登場まで１週間を振り返る【ITフラッシュバック】
0,“調香師がセレクトした香り”で家事を楽しむ！
2,時代を変えた一冊、『ヘルプ　〜心がつなぐストーリー〜』予告編が解禁
1,メモリ上に残るゴミをすっきり！MS純正メモリー開放ツール【PC快適術】
2,74年の歴史を覆す新たな“スーパーマン”像！『マン・オブ・スティール』ポスター画像＆異例の特報2種一斉解禁
0,独女通信が見た「独女たちの5年の軌跡」Vol.2 〜独女たちの悩みは「タバコ顔」と「男の浮気癖」〜
1,おお！この鍵盤弾けるぞ！Googleロゴがシンセサイザーになっている理由
2,ハリウッド絶賛のコラボ、『M：I』最新作が布袋色に染まる
1,新型iPadの話題で持ち切りだった今週のIT業界【ITフラッシュバック】
0,女子校出身者に違和感を感じる！？
0,変化する結婚観「夫は仕事、妻は家庭に」と考える女性が増加中！？
1,Word書類の余白が空きすぎてカッコ悪いときに調整する方法【知っ得・虎の巻】
1,謎のカウントダウン中！　どうやらNVIDIAが近日中に何かやらかすらしい！
1,ついつい見入っちゃうよね！　航空会社提供の機内食＆ラウンジ食の数々
0,子育ては姉妹や友だちと二人三脚で！？
0,【大堀恵　ヒミツの相談室】無神経な彼氏の妹とどう接したらいい？
2,アカデミー賞有力候補か、映画『J・エドガー（原題）』の日本公開が決定
0,「重たい女」にならないためには？
1,原著作者のクレジットを表示し、ニュース記事の改変をしないことを条件に、記事全文を
0,浮気の証拠を握ったら、さてどうする！？
0,梅村ゆずの結婚どころじゃないんですっ！　Presented by ゆるっとcafe
2,“女子力のバイブル”、映画『ガール』主題歌に西野カナが抜擢
0,好き、守る、育てる「投資」で、利息＋プライスレス
1,Ultrabookユーザー必見！爆速無線LANルーターのレビューアー5名を募集
1,Excel表を書き換えたのに再計算されない!?　を解決する【知っ得！虎の巻】
1,オシャレなページで情報発信！Tumblrのデザインを設定してみよう【知っ得！虎の巻】
0,独女たちがプチ農業にハマる本当の理由とは？
0,【オトナ女子映画部】アラサーアイドルがヒーローに！安っぽさやくだらなさを楽しむ『エイトレンジャー』
2,『冷たい熱帯魚』から『恋の罪』へバトンタッチ！モンスターからモンスターへ受け継がれるどす黒い血
0,恋愛って結局、人間対人間の出来事なんだ!?　 Presented by ゆるっとCafe
2,実際にあった驚きの脱獄事件！　リーアム・ニーソンが脱獄術を語る
0,【オトナ女子のリアルな悩み】母の介護、高齢の父親…独身の自分の人生が心配です
0,「結婚しないの？」という人への対応は
1,ビデオメモリー4GBの意味は？　低価格ながら4GBメモリー搭載のグラボ
0,マラソンシーズン到来……独女たちの“走る理由”とは？
2,【週末映画まとめ読み】長澤まさみの胸元に「たまらん！」の声
1,Firefoxのダウンロードを俄然便利にするアドオンソフト【知っ得！虎の巻】
1,エイプリールフールでもうそはつきません！ITの一週間を振り返る【ITフラッシュバック】
1,金環食で思わぬ経済効果？　太陽に直接カメラを向けて壊した人が続出？
0,独女的映画レビュー vol.4 『幸せのレシピ』
2,イーストウッドを越えるか？ベン・アフレックが贈る極上サスペンス『アルゴ』予告編が解禁
1,MS「SkyDrive」が機能アップ！ クラウドサービスが「総Dropbox化」【デジ通】
1,日本も捨てたもんじゃないですね！孫社長 自然エネの普及活動を強調
1,プレイ可能なGoogleロゴ第四弾！　Googleロゴがスポーツ関連画像に変化第十一弾
2,【編集部的映画批評】常識を覆す、恐るべき“泣けるカンフー映画”の誕生
0,アウトドアやスポーツ時に便利な、携帯保存食作り講座開催
2,香里奈、女子高生100人のガチンコ質問に回答「ラーメンも食べる」
1,3D BIOSにDual UEFI！ギガバイトのIntel 7シリーズ搭載マザー
0,ラジオ体操は「究極のエクササイズ」ってホント？
2,【いちおう妖ヶ劇場】第7話：ダメな奴には真剣に神拳をくらわせるぞの巻
2,クマのぬいぐるみが禁止用語連発！“可愛くて過激”な笑撃映像が話題
1,ハイビジョン録画時代のビデオカセット計画！奥さんに趣味の番組を消されない裏技
0,「生まれ変わったら男と女、どっちになりたい？」Presented by ゆるっとcafe
1,不屈の精神力を持っているか！孫社長の格言的な言葉が話題
1,冷却の匠がゲーミングマウス発表！ ZALMANより同社初のマウスをリリース
2,先行上映が決定、ついに“アベンジャーズ現象”が日本上陸
0,【オトナ女子映画部】『マイ・ビッグ・ファット・ウェディング』
0,【独女的コミックレビュー】　vol.2『ミラーボール・フラッシング・マジック』
0,自転車女子、はじめました vol.13『サイクリングで、ココロを柔軟性に』Presented by ゆるっとcafe
1,新ビジネスやワークスタイルを紹介！企業を商品で繋ぐ「zigBiz」で新コンテンツを配信
0,【オトナ女子コミック部】オタク中年男の「報われた」婚活体験記『結婚しないと思ってた』
1,町会議が震災復興を応援！　福島県三春町の町会議レポート
2,3社競合“はやぶさ”ツイッター総選挙「そっくりさんは誰だ？」
0,やっぱり男も“顔”ですか？
1,Galaxy Noteを1日フルに使い倒せる！2.2倍の大容量5400mAhバッテリの便利さと使い勝手
2,“鉄の女”メリル・ストリープが29年ぶり、3度目のオスカー受賞
2,“アベンジャーズ現象”日本上陸、早朝の六本木ヒルズに長蛇の列が出現
0,独女世代、これからは温活？
0,自転車女子、はじめましたvol.05「ペダルとギアですいすいポタリング」Presented by ゆるっとcafe
1,Facebookで友達宛にコメントを付けたことを知らせたい【知っ得！虎の巻】
0,2011年こそ結婚したい！　独女・独男の婚活事情
2,クリスタル ケイがハリウッド大作アニメの吹き替え担当に！世界進出の足がかりとなるか
2,【週末映画まとめ読み】注目するのは「貞子の野球カード」か「ボーイッシュ美少女の恋愛トーク」か
1,金環日食に続く天体ショー！　昨日の部分月食見ました？　そして明日もあるぞ！
2,次々に病棟から消えていく、監禁された5人の少女
0,待つも動くもあなた次第、のらりくらり男が急増中！
2,ついに来た！　『貞子3D』、恐怖の予告編が解禁
0,あなたはどう思う？ 結婚後も自分のためだけにお金を使いたい男たち
2,小森純、恐怖メイクで夫の“浮気宣言”を暴露
0,お寿司orステーキ！？ デートでは何が食べたいか
0,動物に癒されたい！
2,【GOGW映画 一人編】どこまでウソで、どこからホント? 『容疑者、ホアキン・フェニックス』
2,第一弾で惨敗の「はやぶさ」シリーズ、ファミリー層を狙い起死回生なるか
1,次の名前はiPad 3？新しいiPadの機能はどうなる【デジ通】
1,ユーザーとメーカーとの橋渡し！大盛況だったUltrabooker.jpブース
2,謎の人体発火、ウルフドッグによる連続殺人事件の闇
1,今夜0時に何が？　旧マシンのパワーアップネタを振り返る【ITフラッシュバック】
1,なんという豪華キャスティング！ニコニコ超会議スーパーステージの出演者を発表！
2,【週末映画まとめ読み】ゴールデン・グローブ賞で最多3冠を獲得した作品とは？
0,既婚の男友達とどうつきあうか？
0,「優しい男」なのにモテない理由とは？
0,実録！ 彼が挨拶に来る日
2,3D全盛の時代に、白黒のサイレント映画『アーティスト』が評価される理由
0,便秘であわや入院！？ あなたのお通じは大丈夫？
1,春分の日のトリビア！Googleロゴがイラストである理由
1,バージョンアップは提供されるのか? Android端末の選び方【デジ通】
0,結婚相手に妥協できるもの、できないもの　（男性編）
2,究極のヴァンパイア・ハンター、“戦う聖職者”の聖書に隠された武器
1,twitterの写真のほうがカッコいい！孫社長 Facebook開始宣言が話題
0,【オトナ女子のリアルな悩み】7歳年下の男性に片想い…年齢と立場を考えると想いを伝えられず…
2,木佐アナが夫にトーク指導「スピルバーグは“素敵な”お爺さん」
2,ファン必見！『ダークナイト ライジング』のアクション満載のテレビCM映像が公開
1,本日はプレイ不可なロゴ！　Googleロゴがスポーツ関連画像に変化第十二弾
1,作業用BGMを探すのに最適！　お気に入りのアーティストを連続再生「Musictonic」
2,鳥越俊太郎が『戦火の馬』全国特別試写会で“希望”を語る
1,スタンド＆カバーにキーボード！ iPadを使い倒せるガジェット登場【イケショップのレア物】
2,【DVDエンター！】水樹奈々が声優出演、大ヒットドラマの美人チアリーダーが超美形俳優と恋に
0,結婚式はオンナの自意識披露パーティー？
0,【オトナ女子のリアルな悩み】最長で半年…恋愛が長続きしない理由は？
0,連絡先を全員送信ってアリなの？
1,スクラップブックが簡単にできる！写真加工アプリ【iPhoneでチャンスを掴め】
1,レノボ、プロゴルファーの斉藤愛璃選手とオフィシャル・スポンサーシップ契約を締結
1,スマホもバッテリーパックもコレ1台でOK！欲張りなマルチ充電器【イケショップのレア物】
2,【特別映像】凶暴な巨大生物が救世主を公開処刑
2,【編集部的映画批評】今、観なければいけないウルトラマンがここにある
2,インタビュ—：ティム・ディケイ（ピーター・バーク役）
1,Macの隠し機能を使うアプリ！長寿命の無線マウスから最新PCまで一挙紹介【ITフラッシュバック】
2,『マダガスカル3』で声優の続投が決定、柳沢慎吾が“ひとり警視庁24時”
2,【週末映画まとめ読み】綾瀬はるか、吹石一恵らの『ひみつのアッコちゃん』コスプレ姿に大歓声
1,ドコモのスマホに強い味方！ドコモ Optimus LTE L-01D用スタンダード大容量バッテリー【モバステ通信】
2,監督が予想しなかったラブストーリーと“映画通ほどダマされる”結末
0,訊かれて困る“クリスマスの過ごし方”。貴方の楽しみは？
2,【週末映画まとめ読み】“美しすぎる知の女神”優木まおみが「触らせて」
0,焼き場に直行！ 独女が考えるこれからの葬儀とは？
2,9.11から10年、アカデミー賞受賞者たちが勢揃いして世界的ベストセラーを映画化
2,次世代のVFX技術で、時代遅れの旧式ロボット“ATOM”に吹き込まれた命
1,アップルがモバイル市場を牽引！国内モバイルデバイス市場規模が明らかに
0,婚期短し恋せよ乙女！−乙女女子解体新書
2,ジョニデが常識はずれのヴァンパイアに！  『ダーク・シャドウ』予告映像に注目
2,『HEROES／ヒーローズ』最大の主人公が発狂「心を打つ、悲しげな役を演じたくなかった」
2,“今最も輝いている女優”武井 咲が歌手デビュー
1,クアッドコアのFusion APU搭載！デスクトップ代わりになるLenovoの新型ノート
1,電波監理審議会が答申！プラチナバンド900MHz帯はソフトバンクへ
0,赤裸々な女の生態を描く「祝女」が帰ってくる！
1,ドコモのスマホに強い味方！ドコモ AQUOS PHONE SH-01D対応大容量バッテリー【モバステ通信】
2,宮崎あおい、堺雅人、竹内結子ら美男美女が勢揃い　＜2011年インタビューまとめ vol.5＞
0,29歳症候群からの脱出！
1,静音PCに最適なグラボ登場！　アスクよりファンレスのKepler搭載グラボ登場
2,【終了しました】剛力彩芽に会える！ 映画『プロメテウス』のスペシャルイベントにご招待
0,男と女の割り勘問題
0,独女たちの名言集 feat. ニーチェ
0,女性が抱える“アノ悩み”は、身近な食物と食べ方に解決の光明あり
2,人間のボクシングは死に絶え、時代は“最強”ロボット格闘技へ
0,「腫れ物女」に気をつける
1,こんこん、ふぉっくす紺子だよ！紺子のぬいぐるみ、できたんだよ【紺子にゅうす】
2,インタビュー：ポール・ハギス監督「自分の価値は、証明し続けなければならない」
2,【週末映画まとめ読み】宮崎あおい「いろいろな夫婦の形がある」
0,夏につきもののアノ話…『私の恐怖体験』
2,何でもありか？ なでしこジャパンの試合に“職権乱用”コマーシャル
2,“永遠のタフガイ”ブルース・ウィリス役を演じる日本のスターといえば？
2,ユージの前に立ちはだかったJOY「僕はAKBの高橋みなみを守る」
0,【オトナ女子のリアルな悩み】元彼から今でも連絡がきます…復縁はできますか？
2,伝説のホラー映画が蘇る、『フライトナイト／恐怖の夜』の予告映像が公開
0,ミソジニーの正体とは？
1,かっこ良すぎるまな板！　アスクよりAerocoolの「Strike-X AIR」登場
2,シーズン5・解説 −怪物との戦い、そのピーク−
1,ドコモ、薄さ6.7mmの極薄スマホを発売へ！ドコモ、「MEDIAS ES N-05D」が凄い理由
1,スマホやiPhoneを何度もフル充電！　最大で3台同時にスマホが充電できる大容量バッテリー【イケショップのレア物】
1,Word文書の見栄えがアップ！　クリップアートを透明化して活用【知っ得！虎の巻】
0,東京23区女ひとり風呂　vol.11「千代田区・ひとり見世物小屋」presented byゆるっとcafe
1,仲間内だけでヒミツの会話　Facebookのグループ機能【知っ得！虎の巻】
2,野郎ども、バグにツイートをくれてやれ！『スターシップ・トゥルーパーズ：インベイジョン』キャンペーンが開始
1,スマホのゲームに毎月いくら課金してる？　年代やOS別の調査結果発表
2,【週末映画まとめ読み】『TIME／タイム』の連続首位を阻止したのは、国民的人気アニメ！
0,独女と上司の気になる関係
0,なぜモテない？！料理男子
2,秋は“バイオハザード一色”に、シリーズ最新作の公開が決定！
1,auのスマホに強い味方！KDDI au ARROWS Z ISW11F用スタンダード大容量バッテリー【モバステ通信】
2,『ダーク・シャドウ』で来日するジョニー・デップに会える！　最新映像もついに公開
1,次世代PC最前線！Retina対応アプリの登場で変わるMacの世界【デジ通】
1,いよっ風流人！孫社長 再び桜の句と写真を披露
1,便利と危険は背中合わせ！BIOSロックでデータ盗み取りを防げ【デジ通】
2,スカイツリーでは味わえない、映画館で待ち受けるリアルな“崖っぷち”
1,なぜこんなに面倒なの？　ネット時代のサービス解約手続き【デジ通】
1,今年の夏は湘南とお台場へGo！　ニコニコ神社、夏の出張はお台場と海の家
0,今度生まれ変わるなら女or男どちらになりたい？
1,御苦労さま！そしてありがとう！　スペースシャトル・ディスカバリー号、最後の飛行
2,“無名の新人”ルーニー・マーラ、大女優と並びアカデミー主演女優賞にノミネート
0,意外と知らない？　恋人の携帯電話帳登録名
2,映画『ファイナル・デッドブリッジ』は恋に効く！？ のウワサを検証する！
1,Androidユーザーの高いセキュリティ意識！「スマートフォン所有者のセキュリティ対策に関する実態調査」
1,よく使うファイルを高速に呼び出す　タスクバーカスタマイズ術【知っ得！虎の巻】
2,20万人以上を動員、AKB48第2弾ドキュメンタリー映画が早くもDVD化
0,幸せになるための「足るを知る」
1,Wordで何行書いたかひと目でわかるようにする方法【知っ得・虎の巻】
0,【オトナ女子映画部】女性をいじめ続けてきた監督が優しさに目覚めた 『メランコリア』
0,懐かしさと勢いには要注意！？ 同窓会での恋愛事情
1,冷房なしでは低温やけどしそうな熱さ！ 発熱は他製品と同じMacBook Pro Retinaディスプレイモデル【デジ通】
2,新しいヴァンパイアが誕生！　ジョニデ主演『ダーク・シャドウ』の公開日が決定
1,何これキモい！　ツイッターのTLの合間に出てくる怪しい生物画像が話題に
0,生活レベルが丸見え? ブログの料理ネタには要注意！
2,アントニオ・バンデラスが「スマイルを届ける」と日本にメッセージ
0,うっとうしい？　うらやましい？　自分好きな人
2,倉科カナが媚薬で豹変、濱田岳にメロメロに
1,Word文章の重要部分に蛍光ペンでマークする【知っ得！虎の巻】
2,【編集部的映画批評】戦争に利用され傷ついた悲しきヒーロー
0,同世代女性の心をガッチリ掴んだ「セックス・アンド・ザ・シティ2 ［ザ・ムービー］」がブルーレイ/DVDで登場
1,新型iPad情報でビンゴも！ITのいまを伝える【デジ通】まとめ読み
1,Win7でSkypeを多重起動するには？　Skypeの起動オプション設定【PC快適術】
0,日々の出来事を楽しく記録！ 思い出スクラップとは？
2,武井咲とクリスマスを一緒に過ごし、彼女の誕生日を祝う方法
1,真夏のダンスに15万人が熱狂　大盛況だったニコニコダンスマスター4レポート
0,独女が老後について考える前に検討すべきこと
2,【DVDエンター！】アメリカ政府が極秘に輸送した“誰にも話してはいけない秘密”
0,自転車女子、はじめました vol.06「自転車で女子力ＵＰ！」Presented by ゆるっとcafe
0,独女的映画レビュー vol.14　『私がクマにキレた理由（ワケ）』
1,GeForce GTX 660 Ti搭載PC登場！　ドスパラより新型GPU搭載モデル発売開始
0,ひょっとして、あなたは浮気相手かも
2,開始5秒でメンバー全滅か！？　『G.I.ジョー』続編の衝撃映像公開
0,専業主婦志望が増加中！ 20代独女が夢見る専業主婦とは？
1,ウルトラブックとは一体何なのか？パソコン市場は縮小するのか【デジ通】
2,第24回東京国際映画祭作品ガイド＜特別上映部門＞
0,仕事も恋愛もどちらも手に入れたい、欲張り女子“Dual症候群”が急増中！
2,“世界が敬愛する映画人”スコセッシ監督の最高傑作、技術賞を総ナメ
2,大阪人に挑戦状！ 『シャーロック・ホームズ』謎解きパズルが出現
0,独女たちの紫外線対策！
2,AKB48秋元才加がタンクトップ姿で小島よしおにお仕置き蹴り
2,【いちおう妖ヶ劇場】第5話：妖怪集まりゃ、メジャーなんて目じゃーないの巻
0,【オトナ女子ブックレビュー】美しく年齢を重ねたいアラサー女子必読の書『このまま30歳になってもイイですか？』
1,人生には笑いと驚きが必要だ！面白いニュースをどんどんシェアするITニュース活用法【ITニュースで目指せ情報通】
0,夏本番だからこそ油断は禁物！ムダ毛処理を見逃すな！！
0,崖っぷち独女たちのギリギリ話
1,乃木坂46ではデジカメがブーム？「1000メディア出演キャラバン」でメンバーに聞く
2,アカデミー賞最有力候補作の特報予告映像が公開
2,ジェームズ・キャメロンの来日が決定！ 『タイタニック3D』は成功するのか
2,【終了しました】誕生から50年、綾瀬はるか主演で実写化！『映画 ひみつのアッコちゃん』公開直前プレミア試写会にご招待
2,貞子がついに上戸彩と並んだ！ 野球カード化が決定
2,肉体派イケメン総出演で、チャニング・テイタムの″ストリップ経験″を映画化！
1,ロープロ対応で省スペースPCに喝！　手ごろなRadeon HD 7750搭載グラボ登場！
1,今までがひどかったことの裏返しでは？孫社長 通信速度の大幅改善を強調
0,たまに自分を甘やかして、活路を開く独女世代！ずばり、どんなご褒美あげてるの!?
0,初恋がその後の恋愛を左右する！？
0,あれは夢だったのか？ バブルという時代
2,『闇金ウシジマくん』の“過激すぎる”予告映像が公開
0,【オトナ女子映画部】少女マンガ的な妄想ふくらむ“鉄板”ラブコメ『Black & White/ブラック＆ホワイト』
0,独女的映画レビュー vol.6　『スライディング・ドア』
0,彼が彼女を選んだ理由
0,人に聞いてはいけないこと
1,GALAXY Noteをアウトドアでバリバリ使える！ GALAXY Note防水ケース【イケショップのレア物】
2,人類を創ったのは“神”でも“進化論”でも“DNA”でもない
1,新型MBP登場で盛り上がったWWDC！ iPhone 5も7インチiPad miniもなし！
2,“Seventeen”モデル・岡本あずさ「キャバ嬢の仕事って素敵」
0,ととのいました！2011年スケジュール帳の使い方
0,イクメンプロジェクト!?　それどころではありません。
2,ルーニー・マーラ、可憐さでセクシーなドレスで『ドラゴン・タトゥーの女』プレミアに登場
2,懐かしのゲームブックをネットで再現 「鷹の団のガッツになってドルドレイを攻略せよ！」
0,あなたが「おばさん」と呼ばれる日はいつ？
2,六本木で「スター・ウォーズ」の祭典、ジョージ・ルーカスの娘も登場
2,沢尻エリカがプロデュース、人気ブランドとコラボ商品発売
2,殺人鬼・ゴーストフェイスが体を張ってプロモーション「日本のみんな、俺を覚えているか！？」
0,"働き女子に聞く！ 1,000円カットの利用法"
1,ようやくiPhoneでもChromeが使えるように！【iPhoneでチャンスを掴め】
0,がむしゃらに婚活しなくても幸せになれる！？ まずは「趣味活」
1,驚くほど長寿命な無線式！3年半も電池交換が不要なマウス
0,「ドモホルンリンクル」の再春館製薬所が贈る、人の絆をつむぐムービーアプリ
0,「結婚は？」「子どもは？」母の説教スルー術
1,虚構新聞が更新を一時停止！してますん！という嘘ニュース
0,お金をかけずにおしゃれを楽しむxChange（古着交換会）
2,【GOGW映画 恋人編】「男はアクション、女は本音トーク」どちらも破壊力抜群『Black ＆ White』
1,こんな目で娘に見つめられたい！娘と父の美しすぎる蜜月 久保和範写真展「恋人」
2,上戸彩の代表作となるか「金子みすゞ物語」
2,“世界一過激なコメディアン”がビキニ美女とカンヌを“独裁”
1,肩や腕の負担を軽減するExcel／Wordキー操作術【知っ得！虎の巻】
0,【終了しました】夏の紫外線からカラーリングした髪をケアする「カラーコンサーブ デイリー カラー プロテクト」を3名様にプレゼント！
2,【編集部的映画批評】低予算最恐映画を楽しむための3つの掟
2,チラシ配りのお姉さんが、KARAのニコルだったら？
2,海外で話題騒然！『ダークナイト』最新作の予告映像がスゴイ
1,デスクトップ代わりに使える低価格ノート　レノボのIdeaPad Z480はIvy Bridege搭載
1,315gの最軽量スキャナも登場！PCレスでスキャンデータを活用できる「ADS-2500W」
1,Mac必須アプリの使いこなし術！パソコンの最新情報をチェック【ITフラッシュバック】
2,クリストファー・プラマー、『人生はビギナーズ』で助演男優賞
2,【編集部的映画批評】4人のイケメンが世界を変える？
2,“AKB48のセンター”が「出会いカフェ」で小遣い稼ぎ
2,お笑いコンビNON STYLEが過激な爆破対決！　西山茉希へ“無駄な”アプローチ
2,沢尻エリカの女優魂に仰天、カメラテストから全裸
0,夫より頼りになる存在「ママ友」とは？
2,夏だ、プールだ、ピラニアだ！ リア充爆発 『ピラニア リターンズ』
1,ワイルドな英語プリントだぜぇ！　スギちゃん風な英語の教材プリントが話題に
0,東京23区女ひとり風呂 vol.01「人生を変えてくれた神楽坂」Presented by ゆるっとcafe
0,兄弟がいる女、姉妹がいる女、人生得するのはどっち？【前編】
2,映画『メリダとおそろしの森』で坂本美雨が“神秘の歌声”を披露
2,ノオミ・ラパスかシャーリーズ・セロンか、『プロメテウス』のワールドプレミアでドレス対決
2,『ターミネーター』と『チャーリーズ・エンジェル』を掛け合わせた面白さ
2,【元気東北・岩手編】河童ってホントは何者なのか
1,最新スマホに最強兵器が登場！ソフトバンク AQUOS PHONE 104SH対応大容量バッテリー【モバステ通信】
2,今夏最大の日本映画、主題歌に“希望の女神”を抜擢
1,Twitterの影響力マジパねぇ！　東大駒場校舎で行われた無料耳かきサービスに人だかり
2,「今まで見せていない姿を見て欲しい」ゴマキ4年ぶり写真集が大量増刷
2,大島優子がここからどう破滅していくのか？　『闇金ウシジマくん』特報解禁
0,イベント型婚活企画会社に聞きました！ 婚活の傾向と対策
2,【DVDエンター！】神によって定められた“運命”に抗う恋人たち
2,大統領はニセモノだった？　『G.I.ジョー』続編の特別映像が公開
2,【DVDエンター！】空気を読まないけど、かわいいと思ってしまう新人の女の子
0,愛される？ 愛する？ 幸せなのはどっち!?
0,元カレ発見！ 過去の恋が蘇るFacebookの恐怖
0,梅村ゆずの結婚どころじゃないんですっ！vol.2　Presented by ゆるっとcafe
1,Androidを狙うウイルスが急増！スマホに迫る悪質なアプリ 【役立つセキュリティ】
2,今夏、新生“G.I.ジョー”が日本に上陸する
1,ダウンロードカードも販売！ 任天堂によるソフトダウンロード販売の詳細が明らかに【デジ通】
0,胸の谷間見せはどこまでOK？ セクシーとビッチの別れ道を探る！
0,カフェで何する？ お茶以外も楽しもう
0,独女たちに聞いた！ お酒の席でのセクハラ対策
2,小雪がスコセッシ監督に花束贈呈「子どもと一緒に観られる」
0,本物にこだわる独女に　“国連が認めた”基礎化粧品
0,ジブリアニメの印象が変わるとき
0,「整形したい」女性が大半。コンプレックスを感じる顔のパーツはどこ？
0,若々しいプロポーションの秘訣は下着にあり!?
1,最新PLC規格は最大240Mbps！　アイ・オー・データ機器より第3世代HD-PLCアダプター
1,納得いかない写真は見せない！　Facebookのタグ付き写真は承認する【知っ得！虎の巻】
1,Facebookに潜む「乗っ取り」のリスク！　SNS対策レポートをソースネクストが公表
1,MS Office互換、Google IMEも使える！　イザというときのUbuntu環境構築まとめ【デジ通】
1,1年保証をさらに1年延長！　2年の保証が付くASRock製Intel 7シリーズ搭載マザー
0,がんばる女子にもエナジーを！ カラダに染みわたる“自分ご褒美”はいかが？
2,【プレゼント】人種問題のタブーに挑んだ映画『ヘルプ 〜心がつなぐストーリー〜』のブルーレイ+DVDセット
1,PCレスで地デジ視聴！地デジチューナー搭載の無線LANルーター
2,芦田愛菜、スピルバーグが認めた天才子役と夢の共演
1,SOHOや小規模事業所に最適、NETGEAR 16ポートギガビットスマートスイッチの試用企業を募集
2,藤原竜也、東北・石巻から熱烈歓迎
2,スピルバーグが絶賛し、天海祐希と芦田愛菜をも魅了した少年の“魔法”
2,インタビュー：桜庭ななみ「叩かれ、それでも向かっていきました」
1,金環日食から切り込み隊長まで！　ネットの話題を振り返る【ITフラッシュバック】
2,高良健吾と吉高由里子が5年ぶり再会、心温まる感動の話題作が待望の映画化
0,2012年はいい年に！「お正月ニッポンプロジェクト」がSNSでの被災地支援のキャンペーンを実施中！
1,Excelで5ずつ増える数を入力！Excelで意外と知らない便利ワザ【知っ得！虎の巻】
0,正直ちょっと面倒!?な 女子会の幹事をラクラクこなせる新サービスとは？
2,インタビュー：パトリス・プーヤール監督「ピラミッドは地球のID」
0,平成版花嫁修業とは？
2,BoA、東方神起、少女時代などの素顔を描いた映画『I AM.』が公開決定
0,お肌に優しいから安心　紫外線が気になる独女の夏の対策とは？
1,個性派Facebookにしよう！　みんなと違う背景にする方法【知っ得！虎の巻】
0,まるで中学生？　ママ友トラブルの実態
0,【終了しました】健やかで美しい髪を手に入れる「アヴェダ インヴァティセット」を2名様にプレゼント！
0,夏バテよりも深刻な「新型秋バテ」は、1日2回の“紅茶”でリセット!?
1,話題のタブレット端末に強い味方！ドコモ ARROWS Tab LTE F-01D本革マルチポーチケース【モバステ通信】
2,映画『TIME/タイム』、篠田麻里子のコメント入りCMが解禁「作品を邪魔しない声になっている」
2,小雪＆シャーリーズ・セロン、日米の“魔女”が美の競演
0,【オトナ女子のリアルな悩み】曖昧な彼とのつきあい。結婚の可能性は？
0,男友達が多いと彼ができない!?
0,くさったよめがあらわれた！vol.05「自分を変えたい…それは楽しめることをみつけること!!」presented by ゆるっとcafe
0,彼女の香りは、柔軟剤の香り
0,話題のタニタ食堂へ行ってみた！
1,話題のスマホに強い味方！ドコモ Galaxy Note SC-05D用大容量バッテリー【モバステ通信】
2,脳を刺激する“極上のミステリー”が誕生！攻防戦を繰り広げる予告映像が公開
1,データ整理に役立つ！　Excelで大量の連番をまとめて入力【知っ得！虎の巻】
0,【オトナ女子映画部】「花より男子〜Boys Over Flowers」
1,戦国武将が勢揃い！戦国RPG 真・戦国バスター【iPhoneでチャンスを掴め】
1,1ページに表示する投稿数を読みやすく調整するtumblrワザ【知っ得！虎の巻】
2,即完必至！『アベンジャーズ』BE@RBRICK付き鑑賞券を限定発売
0,愛と節約　Presented by ゆるっとcafe
0,話題の二股騒動……あなたはしたこと、されたことありますか？
1,メンテナンス性の高いHP Z1 省スペースAIOワークステーション【デジ通】
1,なにかが起こるっ！4コマ、もうすぐ100回になるんだよ【紺子にゅうす】
1,例のあのメニューも！ニコニコ超会議のフードコートメニュー14種類紹介（後半）
0,男がヒヤッとするキーワードとは？
2,「さわお」×「わさお」が奇跡の対面
0,放っておけない！　長年「好きな人がいない」理由とは？
1,美味しそうな航空会社の機内食！情報満載の1日を振り返る【ITフラッシュバック】
2,AKB48卒業の前田敦子、ソロ2枚目のシングルが映画主題歌に決定
1,iPhoneやスマホにLINEキャラをデコレーション！　LINEキャラステッカーと目を保護するシート
0,検証！ 独女たちの“嘘”
2,NYが騒然！突如現れた“崖っぷちの男”
1,LANだけで動作するコンピュータ 電源不要のオールインワン型【デジ通】
2,若者の間で社会現象を巻き起こした名作『池袋ウエストゲートパーク』がBeeマンガに
2,伝説が、壮絶に、終わる！『ダークナイト ライジング』最後の予告編が解禁に
2,韓国で740万人を動員『サニー 永遠の仲間たち』、懐かしの大ヒット洋楽が彩る予告編
0,30代独女になって羨ましく思う青春のひととき
1,自分のパソコンを自分で組み立てる！富士通のパソコン組立体験サービス【デジ通】
2,キン肉マンと『グリーン・ランタン』が奇跡のコラボ、ゆでたまご直筆オリジナルイラストが当たるチャンス
1,インテル吉田社長の自作PCをパワーアップ！“超”社長PCを作ってみた
2,【週末映画まとめ読み】AKB48、ステージ裏の過酷な姿 ＜12月31日号＞
1,石より早く土台が登場！　IVY Bridge対応チップセット「Intel 7シリーズ」解禁！
0,「愛はないけど嫌いじゃない」離婚に踏み切らない女たちの本音
2,水樹奈々が『アイ・アム・ナンバー4』で声優担当
1,見事なボディペインティング！　アクリル絵の具で描かれたボディペインティングが話題に
0,SNSから始まる国際交流
0,若い男子たちが激しく振り回される、あのハイテンションCMって？
0,気になる既婚女性の働き方！在宅で働くってどんな感じ？
0,なぜ女はチャラ男が好きなのか？
0,もし身近な男性がタイガーマスクだったら？
0,子どもの小学校入学　働くママは不安でいっぱい!?
0,クリスマスに選びたい最高のプレゼントとは？
1,個人スポンサー2万人達成！ロンドン五輪マラソン代表選手の藤原新選手
1,次に見れるのは3年後？　先週末に見れたブルームーンが綺麗だと話題に
2,“日本最強”のヨーロッパ組が“最強”映画に集結「チームワークの必要性を再認識」
0,「好きを仕事に！」2つの仕事をもつ女性たち
2,『ベルセルク』のガッツ、グリフィス、キャスカの主要3キャストがアフレコ会見で勢揃い
2,Superfly、今年初シングルは“漫画史上最大の問題作”主題歌
2,「ポケモン」や「ONE PIECE」と同じ賞を獲得したキモかわいいキャラが全国に
0,女医が教えるオンナの体ウソホント vol.4「イク！って何？」 Presented by ゆるっとcafe
0,広がるおひとりさまの行動網！一人でライブ参戦！
2,東京国際映画祭、『最強のふたり』がグランプリを受賞！小栗旬の『キツツキと雨』は審査員特別賞
0,電車の中で携帯カチカチ……皆、何みているの？
0,あなたの手書き文字は大丈夫？
2,遠距離恋愛中のカップルに捧ぐ、『親愛なるきみへ』が豪華上映会を開催
0,今年は特に「梅雨ストレス」に注意が必要！
2,10話目を前に、もう一度振り返る「いちおう妖ヶ劇場」
1,3秒でわかる！イー・モバイル、次世代モバイル通信「EMOBILE LTE」対応端末を一挙紹介
1,ボカロ曲のみのライブ開催　「Voca Nico Night」-Live Stage-8月25日、26日で開催
0,『子供が欲しくない』という女性に共感できますか？
1,今度はiPad mini完全対応ケース！ 未発表のiPad mini完全対応ケースの先行予約販売開始
1,利用の拡大が続くタブレット端末　GfK Japan「012年4月期企業のタブレット型端末導入状況調査」
1,キンドルの3G回線は無料で使える！書籍購入以外にも使い放題【デジ通】
1,一風変わった動きが新鮮！ブロック系ゲームStar＊Burst 【iPhoneでチャンスを掴め】
1,コンパクトケース対応のGTX 670！　ツインクーラーで全長の短いGeForce GTX 670搭載グラボ
2,【DVDエンター！】“韓国のアンジェリナ・ジョリー”がタンクトップ姿で触手と格闘
2,使われなくなった地下鉄ホームに巨大人面像が出現
1,今後のアップデートに期待！ 無料期間後も課金する人が大多数のドラクエX 【デジ通】
0,【オトナ女子映画部】“愛される”より“愛す”喜びに生きる「エディット・ピアフ〜愛の讃歌〜」
2,【週末映画まとめ読み】木下優樹菜「結婚生活は、できれば途中退場したくない」
1,ソフトバンクのスマホに強い味方！ソフトバンク AQUOS PHONE 102SH対応大容量バッテリー【モバステ通信】
0,もし独女がドラッカーの「マネジメント」を読んだら
0,アゴから生えてきた太いヒゲ…どうして？
2,【DVDエンター！】“勝ち組”と“負け組”の人生逆転を賭けた究極のゲーム
2,【週末映画まとめ読み】人気グラドルが新たなセクシー領域に挑戦
1,週末はPC活用＆メンテナンス！　【PC快適術】でPCをチェックしより快適に使おう
1,バックアップをより手軽に便利に！　最新バックアップソフトの試用企業を募集
1,大切な投稿を見逃さない　Facebookに親友の投稿だけを表示する【知っ得！虎の巻】
2,【DVDエンター！】美女ともその場限りの関係、完璧な男“メカニック”の秘かな愉しみ
0,やってきました！「40代女子」上位時代
0,【オトナ女子映画部】男性版“セックス・アンド・ザ・シティ”で恋愛温度を上げる『モテキ』
0,「女の武器」に有効期限はあるのか？
2,“日本のトップ総取替え”発言が現実になった＜2011年インタビューまとめ vol.3＞
0,災害ボランティア体験者が感じたこと
1,一粒で三度おいしい虚構新聞！　一連の騒動に関する検証を掲載
0,【オトナ女子映画部】林由美香、本能のままに生きた1人の女優『監督失格』
1,できないことができる！？通常では解消できない断片化を解消してくれる「PageDefrag」【PC快適術】
0,料理男子と結婚の関係とは
0,健康のために体張ります！　Presented by ゆるっとcafe
2,“夢を追う”子供と“夢を諦めさせる”親の気持ち
1,WordやExcelでよく使うコマンドをワンクリックで実行する【知っ得・虎の巻】
0,あったかスープで、おなかもココロも満たされるキャンペーン実施中！
2,『ひみつのアッコちゃん』、綾瀬はるかに魔法をかけるのは香川照之
0,一気に好感度が上がる彼女選び・妻選び
1,PS Vita 3G版で3G解約は何割？情報満載の1日を振り返る【ITフラッシュバック】
2,【編集部的映画批評】五感を失う感染症に冒された男女が、最後に感じたもの
2,ウィキ・ペディアにも負けない!?　キャプテン・アメリカの戦力を徹底解剖！
0,年末年始にこそ語りたい、トイレットペーパー問題について
1,Windowsをより快適に使うノウハウ集【PC快適術】
1,5機種並べて比較！ウルトラブック選びに迷わない　「ウルトラブック徹底比較表！MY BEST Ultrabook(TM)」が公開
2,【編集部的映画批評】10日間で興行収入13億円超え！“猿”はどこまで行くのか
0,【オトナ女子映画部】愛を捨て快感だけを求める男の孤独とは『SHAME-シェイム-』
0,結婚してもときめきはある？
1,ホットピンクの天板がまぶしいっ！ ASUSTeKが春モデルノート第2弾を発表
2,ハリウッド最強のタッグが贈る感動巨編『リアル・スティール』、数量限定BE@RBRICKストラップ付き鑑賞券を発売
1,ラジオ会館×カムイがコラボ！ふぉっくす紺子ちゃんが応援
1,スティックタイプのコンデジ登場！　Optio新モデルは気分に合わせて着せ替え可能
0,ランクづけに見る独女たちのプライド
1,地方の元気が日本の元気に！「ニコニコ町会議」佐賀県唐津市呼子町に1万6千人が来場
2,峰不二子に勝るとも劣らない、スタイル抜群の“イイ女”が映画デビュー
2,ダース・ベイダーが織田信長と同盟を結ぶ
1,なるほどジ○リめしって言うのか！　あのオムライスは王蟲ライスだったのね！
0,地方女子と東京女子の幸せの価値観
0,公衆トイレがコワイ……！？恐怖のトイレ体験
1,連続入力するデータを自分で作っちゃおう！　Excel便利ワザ【知っ得！虎の巻】
0,女が求める「成長できる恋」とは
0,音楽とスポーツをファッショナブルに楽しむためのヘッドホンが誕生
2,剛力彩芽、10代最後の夏に「恋愛はまだまだ先で大丈夫、いくつになっても出来る」
1,メモ型クラウドサービス「Droplr」 備忘録やブックマークに使える【デジ通】
0,自転車女子、はじめましたvol.04「柴又で満喫下町ポタリング！」Presented by ゆるっとcafe
0,梅村ゆずの結婚どころじゃないんですっ！vol.6『最後の砦？結婚相談所！』Presented by ゆるっとcafe
0,セール価格で世界一住みやすい国オーストラリアへ！
2,【特別映像】“戦火の馬”の瞳に映る人間たちの姿
0,わたしってそんな人だったんだ？
0,梅村ゆずの結婚どころじゃないんですっ！vol.7『うっかりできちゃった末っ子、ゆず』Presented by ゆるっとcafe
2,【週末映画まとめ読み】“全身整形”エリカ様が大胆ランジェリー姿を公開
0,30歳以上の女性にCM出演のチャンス到来!?
1,何だそうだったのか！Googleロゴがキノコになっている理由
2,綾瀬はるか、オトナのアッコちゃんに大変身！
0,新種の母娘世代！バブル母さんとその娘たち
0,8割の女性が悩む「お腹の張り」　スッキリ“腸内美人”を目指すには？
0,復活愛はアリかナシか。独女たちの出会いと別れ
0,「遊びすぎると×××が黒くなる」ってホント？
0,意識過剰な私…不倫中のあなた…。行き着く先は女地獄？！独女的ブックレビュー『女地獄の歩き方』
0,かわいい嫉妬、できますか？
2,この夏、東京スカイツリーが映画に
1,昼までに頼めば当日着！　ドスパラ通販の当日配達サービスが強化
1,mixiの新サービスに疑問の声？ mixiのTwitterから友達をさがす機能が不評
1,ニコニコ超会議振り返り①　本気（マジ）の痛車のスゴさを実感
0,【オトナ女子コミック部】独女が読んでも爆笑必至!! キャラ立ち子育てマンガ『ママはテンパリスト』
1,来年こそは黒字達成（たぶん）！ ニコニコ超会議2の開催決定！
1,スマホの音楽をお風呂場で聴く技！iPhoneで使える無線防水スピーカ【モバステ通信】
0,つける？ つけない？ 独女の家計簿
0,１回限りの関係で終わってしまう女
1,今週末は北海道へGo！　ニコニコ町会議in 北海道長万部町の詳細決定
0,少ない時間で気分転換＆リラックスするために——、休憩中に求めるものとは？
1,自分の顔で画面ロックを解除！ドコモ、GALAXY S IIにAndroid 4.0を提供
0,癒し？それともドキドキ？女が美容室に求めるものとは
1,インテル最新プロセッサが登場！ 新Ultrabookへの採用はいつ? 【デジ通】
2,【編集部的映画批評】ある意味アカデミー賞に最も関連している作品
1,今度は大丈夫？ iPhoneで24時間無料のWi-Fi！「LAWSON Wi-Fiサービス」が大幅アップデート
1,もちろんカレー臭はしなかった！ 品質もそこそこなインド製携帯電話【デジ通】
1,Webで認知症チェックができる！ 日本初の認知機能チェックサービス「脳測」正式公開
2,劇場版『TIGER & BUNNY』特別企画“KING OF MOVIE HERO”は誰だ？
2,第24回東京国際映画祭作品ガイド＜特別招待作品部門＞
1,自然災害だからと諦めない！　災害救助法適用地区に関する特別サービスを利用しよう
2,映画『三銃士』で描かれた歴史を超越する奇想天外ストーリー
2,“セクシー吸血鬼”SDN48芹那「甘噛み程度じゃ納得いかない」
1,またひとつサービスが消える！ドコモwebメールを終了する理由
0,「3大家具ショップ」で賢いインテリア術 Presented by ゆるっとcafe
1,スマホ購入でゲーム初体験！　MMD研究所「マートフォン所有者の接触頻度に関する実態調査」
2,長編アニメーション賞はジョニー・デップの『ランゴ』
0,経験者が語る「職場恋愛のススメ」
2,【週末まとめ読み】世界各国で話題沸騰！人類の歴史を覆す“驚愕の事実”とは
2,恋人に会うために脱獄した、一途な“天才犯罪者”
0,独女の憧れ？「終の住処は老人ホーム」
0,おうちで「カフェごはん」のコツ
2,『ベルセルク』ファン必見、キャラクターのレアアイテムが登場
1,超コンパクトで充電ケーブルいらず！わずか92gのモバイルバッテリー【イケショップのレア物】
1,意外と知らないExcel技を紹介！ 他人と差をつけるExcel技特集【知っ得！虎の巻】
0,バックオーライは縁起が悪い？
0,「ドクター圭子の知らなきゃケガするオトナの医学」〜Presented by ゆるっとcafe〜
0,独女が結婚で捨てられないもの…
2,“美人すぎる”女スパイが同性にも支持されるワケ
0,独女たちに聞いてみた「ノマド」ってどうよ？
1,ネット時代の便利サイト！PCのお気に入りをタブレットで使う技
2,インタビュー：山田孝之＆大島優子「見たくないだろうけど、絶対に見なきゃいけない」
2,“貞子”が渋谷に大量出現、呪いの手紙を配る
0,友達が多い人って、実は性格がよくない！？
0,独女たちのお財布事情
1,製造業界に激震か！国内唯一のDRAMメーカーであったエルピーダが倒産
0,【オトナ女子のリアルな悩み】同時に2人好きになってしまいました
2,大島優子アフレコ会見「“女の子”を隠しながら持っている」
1,イベント作成や友人の紹介方法　Facebook活用のスゴ技・裏技テクニック集【知っ得！虎の巻】
1,廃プレイせずとも楽しめるドラクエX！　 プレイしなくても他プレーヤーとの差が広がらない仕組み【デジ通】
1,笹食ってる場合じゃねぇ！孫社長 イベントの講演を宣伝
0,オンナ磨きをサポートする、女子向けスマホが登場！
2,デキる男はココが違う！超一流スパイが教える女を落とすテクニック
0,年齢とともにやせにくくなる……自分の体を厳しく仕分ける！
0,霊柩車を見ると親指を隠しますか？
0,【オトナ女子のリアルな悩み】付き合う相手はいつも外国人男性…日本人男性を選べない理由とは
1,通信プラットフォーム企画会社の清算に見る次世代LTE開発の行方
0,男と女で認識の差アリ!?　魅惑のセクシーランジェリー
1,世界戦略が重要なゲーム市場 E3 2012で注目の新戦略【デジ通】
0,【オトナ女子映画部】『迷い婚』結婚は“死刑判決”？
0,【オトナ女子のリアルな悩み】一生結婚できないのでは…と不安です
1,“3”も“HD”もなかった！　製品名は何と新しい「iPad」
0,コレでたばこを辞めました。独女の禁煙ヒストリー
1,会議の遅刻がなくなる！　Chromeの拡張機能【知っ得！虎の巻】
1,知りたいニュースがここにある！職業別最新ITニュース活用法【ITニュースで目指せ情報通】
2,【GOGW映画 家族編】水谷豊が“普通”のサラリーマンに変身！『HOME 愛しの座敷わらし』
1,USB3.0対応で爆速データ転送！　9倍速のリーダー／ライター登場
2,ヴァンパイアから最愛の恋人を守れるのか、『フライトナイト』のポスターが公開
0,独女はピンとこない？ 紗栄子さんがネットで嫌われる理由
2,コリン・ファレルが語る『フライトナイト』の魅力とは？
0,ムダな抵抗！？ 加齢の現実
2,中村玉緒が美脚披露「メリル・ストリープでございます、グフフッ」
2,【編集部的映画批評】仮面ライダーとスーパー戦隊の「大人の事情」
1,使いこなし指南の知っ得！虎の巻【Wordテクニック集】
2,明日は我が身、“闇”に飲まれる債務者たちの転落人生
0,遊び人ほどＨが残念なのは本当か？
1,反対者はわずか12人、参議院本会議で違法ダウンロード刑罰化が確定
1,地デジ＆BS/CSデジタル対応ハイビジョンレコーダーのレビューアー10名を募集
1,全米教育部門で2位！色彩感覚を育てるのにオススメのぬり絵アプリ【iPhoneでチャンスを掴め】
2,最愛の友との別れは破滅への序曲となる！ 『ベルセルク』パート2の予告映像が解禁
0,おひとりさまの憂鬱とは？
0,30代男性がグッとくる口説き文句とは
2,コンセプトは“Laugh & Peace”、「第4回沖縄国際映画祭」プログラム発表
1,MSがSkyDriveをアップデート！　 その外観はまさに「Metro風」（旧称）に！【デジ通】
1,口座なしでもほとんどの機能が使える！楽天証券のiPad用株式アプリ【デジ通】
0,熟女ブームは本当か？
0,本当はなりたい「すっぴん美人」
1,最近使ったファイルを素早くスタートメニューから開く【知っ得・虎の巻】
1,ご当地アプリがiPhoneカバーに！　登場！ぐんまのやぼう ＆ にほんのあらそい iPhoneカバー
2,アメイジング・スパイダーマンが「LINE」とコラボ、期間限定スタンプも登場
0,梅村ゆずの結婚どころじゃないんですっ！vol.5『いつかギャン泣きする日』Presented by ゆるっとcafe
1,家電もスマートに 節電を！電気を総合的にマネージメントする仕組みがスゴイ【デジ通】
0,行動派女子に思うこと
2,携帯の英字入力で「たかはし」と打つと「GAME」になる
2,“悪夢の新作”『プロメテウス』に著名人から絶賛コメントが続々
0,次のバケーションはトルコに決まり！
0,思いがけない出会いを引き寄せた行動とは？
2,インタビュー：稲垣早希「私の人生の半分は『ロケみつ』スタッフが握ってます（笑）」
2,【編集部的映画批評】一瞬でサラリーマンの“高級ランチ”が消える
0,【独女的コミックレビュー vol.1】 『花のズボラ飯』は女子的ひとりゴハンのお手本！
0,あなたは何犬？「犬診断」が巷で大人気
1,超豪邸の賃料が3〜4万円！？　中国で借りた家の賃料が安いと話題に！
1,液晶一体型！新型ワークステーションからインド製携帯電話まで【デジ通】一気読み
0,東京23区女ひとり風呂 vol.04「文京区・銭湯後はこの一杯！」Presented by ゆるっとcafe
0,女医が教えるオンナの体のウソホント vol.12「膣トレで尿モレ予防＆快感アップ！」presented by ゆるっとcafe
1,ユニークな両面液晶PC！次世代PCを見たCOMPTEXから変化があった新型ThinkPadまで【デジ通まとめ】
1,ふぉっくす紺子だよ！完売の声がぞくしゅつちゅう【紺子にゅうす】
1,あなたの銀行は大丈夫？「SpyEye」が銀行を狙ってる！【役立つセキュリティ】
2,ダースベイダーが指揮者、トルーパーがヴァイオリンと融合！ プレミア感満載の全9種
2,【編集部的映画批評】冴えない中年がチョイ悪オヤジに変身、人の数だけ異なる“幸せ”の形
2,インタビュー：藤原竜也＆杏「子供って本当にストレートなものを持っている」
1,CrucialのSSDがより身近に！ アスクがマイクロンジャパン正規代理店に
1,SNSも動画の時代へ！自動でカッコ良く動画編集＆投稿できるviddy【iPhoneでチャンスを掴め】
2,インタビュー：リース・ウィザースプーン「いずれはいい人に巡り合える」
2,セクシーな壁紙用画像が入手できる「NIKITA／ニキータ」iPhoneアプリを無料配信
2,【週末映画まとめ読み】米国版“ガリレオ”、美人すぎる女スパイ・・・今、海外ドラマがアツイ！
1,周辺地域の情報をゲット「ご当地ニュースbyロケタッチ新聞」リリース
0,30歳を過ぎた大人の肌へ、世界が認めた美容液ランコム「ジェニフィック」
2,地震後に一丸となったシェフたちが「食で国を元気に！」
2,“戦う白雪姫”を女性が支持、『スノーホワイト』公開3日間で29万人動員
1,Excelの新規ファイルにムダなシートを作らない【知っ得・虎の巻】
1,スタートアップ設定や特殊なデフラグ！　ゴールデンウィークはPCをメンテナンス【PC快適術】
2,【終了しました】キーファー・サザーランドが話題の海外ドラマを引っ提げ日本上陸！『TOUCH／タッチ』特別試写会にご招待
1,ニコニコ動画：Zero地味に改善中！　動画視聴用の「ZeroWatch」新バージョンにアップデート
2,【DVDエンター！】三浦春馬を取り巻く3人の美女、暖かい公園のように身近で大切な存在
0,セフレと彼女の違いとは?
0,ひとり時間がオンナを創る！
0,本当は羨ましい悪女という存在
1,困った時は彼に聞いてみよう！ Googleのスマホ用音声検索サービス「みらいサーチ」
0,モテる男が選ぶ女子の条件
1,使用状況をビジュアル表示！メモリー割り当て状況を視覚化するRAMMap【PC快適術】
0,年間100日以上!? 無駄なダイエット生活を脱出
2,ヴァンパイアから逃げ切れるのか、『フライトナイト』本編クリップ映像を公開
0,会話が多い夫婦は何を話しているの？
0,30代女子を魅力的に見せるものとは
0,「大切なあなたに見せたい景色」をテーマに、Web上でフォトコンテスト開催中！
1,旅行に行く人へチャンス！海外パケット定額使い放題サービスのレビューアー10名を募集
2,インタビュー：宮崎あおい＆堺雅人「一緒にいるのが当たり前」
1,Z77搭載でお安いマザーも！？ ECSよりIntel 7シリーズ搭載マザー
2,【週末映画まとめ読み】“美しすぎる”キャットウーマンが出演作を引っ提げ来日決定
1,ダウンロードよりもCDの方が便利 これからもCDを買い続ける理由【デジ通】
1,竜の巣？ 　これが…？　富士山上空を覆う巨大雲が話題に
2,今からでも間に合う！知ったふりして映画祭デートに誘う
1,ウィンドウを閉じずにデスクトップのアイコンを操作するマル秘ワザ【知っ得・虎の巻】
0,山田花子の結婚に独女たちは何を思う？
1,孫社長が社内業務紙ゼロ宣言 ペーパーレスの真の目的とは【デジ通】
0,なでしこジャパンに学ぶ、「女子力」パワーの活かし方
1,見積書や企画書を移動中にチェック！　GoogleドライブにAndroidからアクセス【知っ得！虎の巻】
2,伝説のロックバンド「ピンク・フロイド」を爆音で楽しむ
1,関西エリアが予感させる、「auスマートバリュー」の破壊力と可能性
1,音声認識で英語の発音練習しよう Siriを使うiPhoneアプリReal英会話【デジ通】
0,「ルールズ」が独女に与える影響
0,美しすぎる40代“美魔女”の正体とは
2,初の試み！ 史上最大規模の3Dカメラ×世界遺産での撮影
0,八重歯ガ—ルが人気上昇中！？
1,これなら作ってみたくなる！質感の高いHTPC向けケースが登場！
0,独女のカラオケ……何歌っていますか？
1,間違えない海外用の携帯電話選び！ほとんどのSIMが使える端末を選ぼう【デジ通】
0,「復活愛」をきっぱり諦めるには？
2,福田萌、ジャガイモ型ゴーストに襲われた恐怖体験を告白
0,成就率は約20％！ 七夕に込めた願いごとは叶いやすいかも!?
2,【週末映画まとめ読み】「ドラえもん」が強い！ 最後の「はやぶさ」はどう戦う
2,【週末映画まとめ読み】『怪物くん』に忍び寄るスパイと仮面ライダーの足音＜12月3日号＞
0,バイキングという食文化をどう思う？
2,『TIME/タイム』が3億5000万円で初登場1位、篠田麻里子の宝石と奇跡の同額
0,女子会の落とし穴
0,今後はどうなる？ 結納という儀式
2,【週末映画まとめ読み】冷酷な取立てからセクシー女優登場まで、過激すぎる『闇金ウシジマくん』の世界とは
2,【終了しました】デンゼル・ワシントンが世界から狙われる！映画『デンジャラス・ラン』試写会にご招待
0,海外セレブ注目のミラクルフード“亜麻の実”の美的効果とは？
0,男子が冷めてしまう女性とは!?
1,B-CASカードの解析完了！有料放送見放題の仕組みが判明！
1,テレビの高画質化は誰のため？コンテンツが性能に追いつかない【デジ通】
2,今年最初のパンの日に“最幸（さいこう）パンメニュー”が決定
0,【オトナ女子映画部】綾瀬はるかに萌え死！ オトナのおとぎ話『ホタルノヒカリ』
0,独女たちの義援金
1,DVD起動でもアプリが使える 便利なUbuntuの使い方【デジ通】
1,手軽にブログ更新がわかる！　ブログ更新チェックサイト「ひとくり」を試してみた
1,アナタはまだブラウザのブックマーク？　ブックマーク管理はライフリストがオススメ
2,『ロード・オブ・ザ・リング』の過去を描く『ホビット』予告映像が公開
2,ぐっさんが中村昌也を吹っ飛ばし大暴れ！　4人がかりでも止められないほどの大乱闘
0,ダイヤに目がくらんで結婚するの？ 今どきの婚約指輪事情
2,世界はヒーローを待っている！ 『アベンジャーズ』が、『ハリポタ』の記録を抜き快進撃
1,賞品がもらえるコンテストも応募受付中！zigsow、「やってみよう！オーバークロック」がスタート
2,最強映画『アベンジャーズ』、“1日限定・数量限定”スペシャル前売券を発売
1,アプリを使って賢くショッピング♪　お買い得.netを徹底活用
0,人ごとだから笑える！？独女と母親との関係
2,人体模型と骨格標本の最強コンビ誕生、アジア一斉公開の注目映画主題歌にねごとが抜擢
2,驚愕の映像を目撃せよ！累計100万部突破の超人気コミック「ハカイジュウ」が遂に実写化
2,映画『コロンビアーナ』独占映像を公開、美しすぎる暗殺者が華麗にターゲットを仕留める
1,行間を読む　翻訳のされ方で大きく印象が変わる言葉の難しさ
1,面白い生放送がわかる新機能　ニコ生の「ルーキーランキング」と「Tweetまとめ」を試した
0,女同士の話が噛み合わない理由はしゃべり方にある!?
1,すげー、資料にはまだ髪がある！孫社長「記念すべき日になりました」
1,ゲーム感覚でアメリカの地理が学べる！全米アプリランキング教育部門で2位獲得の「Stack the States」【iPhoneでチャンスを掴め】
2,【週末映画まとめ読み】4本腕の怪物に扮したのは一体誰だ！？
2,AKB48大島優子のコメント付き『メリダとおそろしの森』のCMが解禁
1,本体なしでも育成とゲームが可能！ スマートペット育成記 （2）【デジ通】
0,気になる妊娠のこと「つわりって辛いですか？」
1,動物好きなアナタに！ iPhoneを動物図鑑にしてくれるアプリ【iPhoneでチャンスを掴め】
2,前作を凌ぐ勢い！　バットマンの最後の敵・ベインの最新ビジュアル公開
1,iPhoneで高度な画像編集が！シンプルながら多機能な画像編集アプリ【iPhoneでチャンスを掴め】
2,「ミッション:インポッシブル」の新作でトム・クルーズが孤立無援に！ 待望のストーリーが明らかに
0,「愛している」と言っていますか？
1,無料サービスのほうがむしろ使える！個人利用のメールサービスを見直してみよう【デジ通】
0,処世術はSMに学べ！
1,これが次世代スマートフォン！ドコモ「Xperia acro HD SO-03D」開封レポート
0,真夏でもブーツやレギンスの独女——暑くないの？
1,女子部必見！Peachyアプリが10万ダウンロードを突破
2,剛力彩芽、“愛情たっぷり”の手作りチョコケーキをプレゼント
0,【オトナ女子映画部】年上男の魅力とは？「恋の終わりの始め方」
1,テレビ録画もガラパゴス化 日本にしか無いテレビ録画機市場【デジ通】
0,独女を夢中にさせる人気少年マンガ
1,やっぱりiPad3に間に合わせる為？孫社長がSB銀座旗艦店を必死に宣伝
1,本日のGoogleロゴは吊り輪　Googleロゴがスポーツ関連画像に変化第二弾
2,黒木メイサ、新CM発表会をネット生中継＆新コラボPV解禁
1,七人の侍によって開発された新素材！　NECのLaVie Zで使われた新素材の開発秘話【デジ通】
0,独女通信が見た「独女たちの5年の軌跡」Vol.1 〜オリの中で自分磨きをする独女たち〜
0,女医が教えるオンナの体のウソホント vol.7「なぜそんなトコロで落ち着いちゃう!? 覚えておこう子宮外妊娠」presented by ゆるっとcafe
0,「長すぎた春」の後は展開が早い!?
1,スマホ初心者女子大生がドキドキ、パーソナルクラウド初体験
1,インテル社長の自作PCまとめ 吉田社長の個性的な自作機【デジ通】
1,21日は金環食を見よう！　ニコ生やUSTでも25年ぶりの金環食を配信予定
0,声から人生を変えてみる
0,言うに言えない！　突然Ｈを断ってしまった理由
0,【独女通信編集部】2011年記事まとめ　vol.2
1,駆け込み購入で「しまった」を挽回できる！古い液晶テレビを最新にする作戦
0,独女に聞く！ 新入社員はどうですか？
2,“新婚さんいらっしゃい”妻夫木聡と武井咲が純愛度診断
1,ついに発売日が決定！オリンパス、マイクロ一眼「OLYMPUS OM-D E-M5」の凄いところ
1,星空を好きな時間に自宅で見よう！都会の星 Mook（写真集）を限定販売
2,“衝撃の実話”ジェイソン・ステイサムが病院内でガチンコバトル
0,1枚で主食＋デザートに!?　宅配ピザ最前線「モッチリーノ」のお得なおいしさ
2,かわいいのは綾瀬はるかだけじゃない！　『映画 ひみつのアッコちゃん』の“こだわり”
0,【オトナ女子のリアルな悩み】仲の良い職場の後輩（男性）の結婚にモヤモヤ
1,ソニーのモノ造りの健在を体感できる！技術をぎゅーっと凝縮したソニーのDSC-WX100
2,「20代よりも30代の方が楽しい」広末涼子の“可愛さ”のヒミツ
0,独女通信が見た「独女たちの5年の軌跡」Vol.4 〜「でき婚」の増加で独女たちの関心はロマンより現実へ〜
1,CDケース大にSandyBridgeを搭載　ZOTACの新型コンパクトベアボーン
2,AKB秋元が勇ましい姿に、『ウルトラマンサーガ』ポスタービジュアルが公開
1,話題の最新スマホを活用する方法！iPhoneで使える意外と知らない技【知っ得！虎の巻】
1,自然とはなんと偉大なんだろう！孫社長″言葉不要の美しさ″
1,会社用スマホの安全を管理！ MobiConnect（モビ・コネクト）の試用企業を募集
0,なぜ入れる!?　否定派、肯定派割れるタトゥー
0,女が嫌いな女を、女が嫌いな理由を探る
2,美しき処刑人、「アンダーワールド」シリーズ第4弾の敵は“人類”
1,最強の情報リーダーアプリ登場！これでIT系ニュースの網羅は完璧
2,「米軍の国家機密がダダ漏れ」政治家から抗議殺到の動画が公開
2,第24回東京国際映画祭作品ガイド＜アジアの風部門＞
0,笑える？ 笑えない？ 独女の母のびっくり発言！
2,日本3Dメガネドレッサー賞で仰天発言「3Dメガネで安めぐみの体を見たい」
2,志村けん、全米で大ヒット中の映画で声優に初挑戦
1,いまどき1Gオーバーは当たり前！　Gバイト超えのファイルも扱える大容量ファイル転送サービスを使う【PC快適術】
2,日本一のミステリー作家・東野圭吾がブラックなコメディに挑戦
2,情熱と力強さを秘めたプリンセス「私の衣装はとても露出がありました」
0,女の疲れを癒す温泉事情
0,【オトナ女子映画部】“女”に生まれ、“母”になる『愛する人』
1,タスクバーに不要なアイコン通知は表示しない【知っ得・虎の巻】
2,“FBI行動分析課”に学べ！ 『クリミナル・マインド』流トラブルを生き抜くビジネス術
0,一人写真だっていいと思う！ 独女たちの年賀状
0,東京23区女ひとり風呂vol.07「目黒区・おもしろ病に冒されて」presented byゆるっとcafe
1,検索力をアップ！　IE9に好みのエンジンを追加する【知っ得！虎の巻】
2,鈴木亜美がイメージ一新、大人の色気たっぷりの大胆な“高級コールガール”に
2,「トゥース！」ならぬ「血ぃ〜吸ぃ〜！」、オードリーが映画『フライトナイト』をPR
1,Firefoxのブックマーク管理がタグでもっと便利になる【知っ得！虎の巻】
1,オリンピック期間中は毎日更新？　Googleロゴがスポーツ関連画像に変化！
0,「子どもじゃないってば！」と言いたくなる親の言動
1,目的地にピタリとジャンプするWordの機能【知っ得！虎の巻】
1,デジタルガジェット新製品は？　6月の大規模展示会複数開催で発表あるか？【デジ通】
2,大泉洋も飲んだ「探偵カクテル」でハードボイルドな世界を満喫
0,同世代の長谷川理恵の破局について思うこと
0,梅村ゆずの結婚どころじゃないんですっ！vol.3　Presented by ゆるっとcafe
1,周波数の単位に関係あり！Googleロゴが波のアニメの理由
0,「ギブ＆テイク」を求めるオンナはウザいのか？
2,本格的に仕事復帰、マリエが今一番会いたい人は“スギちゃん”
1,国内最速クラスの下り最大75Mbps！イー・モバイル、次世代モバイル通信「EMOBILE LTE」が凄い
2,SDN48芹那が激白「彼氏を作って独り身を“脱出”したい」
0,独女たちの人を疑ってしまう性分
0,コンプレックスを自信に変える女たち
1,「なつき度」アップで要求が次々！ スマートペット育成記 (3)【デジ通】
0,SNSで拾った感動作り話、シェアしますか？
2,平野綾と“ファイナルファンタジー”の魅力がタッグを組む
0,女が喜ぶサプライズとは？
1,目的のキーワードへ素早くジャンプできるChrome拡張機能【知っ得！虎の巻】
2,映画『名探偵コナン 11人目のストライカー』主題歌に、いきものがかりの新曲「ハルウタ」が決定
1,正論。でもしんどいときもある！孫社長「人生は己の判断で決めるべき」
2,最強のハンマー×盾、『アベンジャーズ』本編映像を先行公開
2,『ジョン・カーター』ディズニー生誕110周年記念コラボ特典付き前売鑑賞券を限定発売
2,ベルセルク“100人斬り”のグルメメニュー
0,独女たちの想定外
1,ペットの「拾いもの」に福あり！ スマートペット育成記 （5）【デジ通】
1,ニコニコ超会議の来場者が9万人超え、配信での来場者は347万人超
2,AKB48篠田麻里子のコスプレ写真を公開！ナースにビールガールなど七変化
1,話題集めの必需品！ お待たせしました！三面貴族のiOS版が登場！
0,【オトナ女子映画部】なぜマリリン・モンローは“本命”になれないのか？『マリリン７日間の恋』
2,【終了しました】原作者をも唸らせる仕上がりに期待！『るろうに剣心』舞台挨拶付きプレミア試写会にご招待
1,どいつもこいつも！う〜にゃ〜！(」・ω・)」うー！(／・ω・)／にゃー！
2,溝端淳平もキレイな女性には弱い？  「「檀れいは完璧！」と語る
2,インタビュー：加藤夏希「友達同士もいいけど、できれば恋人同士で観て欲しい」
0,無償の愛を注ぎたい独女たち
2,神を自負した男が、無限の野心の果てに追い求めたもの
2,別世界に住む2人が“友”となった時、『最強のふたり』が誕生する
1,GoogleドライブのファイルをiPhoneからダイレクトに編集する【知っ得！虎の巻】
2,『荒川アンダーザブリッジ』プレミアイベントに林遣都、桐谷美玲、安倍なつみらキャストが大集合
0,イタくない「恋愛武勇伝」の語り方とは？
2,“国家レベルの秘密結社”の存在有無、ジェイソン・ステイサムがCG無しの体当たりアクションに挑戦
1,どこよりも詳しく解説！写真でみる世界最軽量Ultrabook、NEC「LaVie Z」
1,Excelの表作成がもっと快適になるキー操作を覚えよう【知っ得・虎の巻】
0,親が倒れた時、独女は何ができるのか？
0,元彼からの指輪を愛用する女ゴコロ
2,【週末映画まとめ読み】『アベンジャーズ』ワールドプレミアで日米最強女優がそろい踏み
2,歴代アメコミ・ヒーローを徹底比較！ 原点ヒーロー“キャプテン・アメリカ”の実力を測る
2,総制作費6億円！　韓国初の3D映画『第7鉱区』の予告映像が公開
0,【独女的コミックレビュー】vol.6 『姉の結婚』に見る“枯れ気味女”の憂鬱
0,10歳以上年上の女性は恋愛対象としてアリか？
2,石川梨華、ナンバー1ホステスを目指し奮闘
0,独女たちが結婚したくなった理由
1,過去最高のサウンド品質かも！ 音もナイスなRetina MacBook Pro 【デジ通】
1,日本・香港・欧米の3カ国の違いを堪能！「OVERSEAS 2012」世界を選んだ写真家たちの写真展【新-写真空間】
2,“親子の絆は、無償の愛”FUJIWARA 藤本が木下優樹菜との夫婦生活を明かす
2,【いちおう妖ヶ劇場】第2話：パパはいつでも娘をパパラッチの巻
0,冬の汗対策、どうしてる？
1,やっぱいいわ！レッツノート！  SX2の中身はコレだ！最強モバイルノートPC開封フォトレポ
1,デザイン変更や調整テクニック　Tumblr使いこなしテクニック【知っ得！虎の巻】
2,三池監督が映画『一命』について「満島ひかりがいろんな意味で限界までやっている」
0,東尾理子も不妊を告白！「産めないかもしれない」不安
1,使い方で選べるスマホをラインナップ！ドコモ 2012年夏モデル20機種を発表
1,スマホやタブレットの活用グッズが満載！　バッテリー切れから車載対応までイケショップで解決！
1,日本のサイバー犯罪捜査は変革を迫られている 【役立つセキュリティ】
2,“リーダーはズレてる方がいい”8年の歳月を費やした超大作『のぼうの城』本予告映像が解禁
1,おはこんこん！今回は超特大のお知らせがあるよ【紺子にゅうす】
2,あの「ペルソナ」シリーズのライブイベントが全国劇場で
1,あの名作に隠された秘密！スラムダンクの秘密　完全版【iPhoneでチャンスを掴め】
2,“この世で一番美しい”美魔女と“戦う白雪姫”が対決
0,平日にひとりで行くから楽しいあの場所…
2,ディズニーの夢を叶えた巨編『ジョン・カーター』、迫り来る異形の怪物たち
1,「ソブリン危機」をiOSで体感せよ！ 国の借金をリアルタイム表示【デジ通】
2,『ベルセルク』のガッツもハンバーガー好き？ グリフィスは、何を飲む
1,アナタはこの誘惑に耐えられるか？　猫の肉球だけ集めた写真がスゴイ
0,極端な言動のアラフォーは『見放され女』予備軍に!?
0,既婚者の結婚話は話半分で
0,「スッピンのほうがいい」って本当？——言葉の裏に隠された男の本音
2,依存症俳優や、破産俳優、死んだはずのあの人まで…いろいろリターンしちゃう『ピラニア リターンズ』クリップ集
1,Macの次期OS「Mountain Lion」の真の狙いとは？ 【役立つセキュリティ】
2,『メン・イン・ブラック』が帰ってくる！最新作の映像が解禁
0,貴方の気持ちを100文字に込めて〜デキルオンナのプレゼントとは？
0,【独女的コミックレビュー】vol.5『おひとりさま物語』
2,【DVDエンター！】“ツンデレ女王”満島ひかり、“ダメ人間”妻夫木聡にドS発言
2,インタビュー：又吉直樹（ピース）「自分に対する女心は、自意識が邪魔をしてわからないんです」
0,「お世話になっています」は感謝の言葉？
1,iPad対抗のMSタブレットって何？マイクロソフトの秘策を振り返る【デジ通】
1,DL版は高く使い勝手も良くはない 任天堂のダウンロード販売始まる【デジ通】
2,トム・クルーズがロックの神様に！　絶大な人気を誇るミュージカルが映画化
0,5月21日の金環食、あなたは誰と観ますか？
2,水樹奈々の復讐に燃える“けものボイス”『劇場版BLOOD-C The Last Dark』の最新予告編が解禁
0,あなたがお局と呼ばれる理由
1,こんこん、ふぉっくす紺子だよ！お花見日和なのに、おしごと【紺子にゅうす】
2,欲望だけが真実、“全身整形”りりこ＝沢尻エリカの素顔とは
1,見せたくない文字は隠してしまうWordの便利ワザ【知っ得！虎の巻】
1,進化するUltrabook　全部入りUltrabookにテカテカ液晶モデルが追加
2,おかもとまり「私、枕営業したことないですから！」
1,Safariのリーダー機能をFirefoxで アドオン「Evernote Clearly」【デジ通】
1,"毎月1,500円がタダ！お金をかけずにドラマや映画を見まくる方法"
1,現実的では無い！孫社長 Twitter読者の発言に反論
2,【DVDエンター！】“5マタ”の吉高由里子が最後に選んだ結婚相手
1,中高年の星！地方発の価格比較ができる便利サイト「お買い得.net」活用のススメ
1,来たぜ！お祭り第2弾！GIGABYTE板祭でマザボ＆グラボのレビューアーを大募集
0,職場の気になるアノ人が退職…そのときあなたは？
1,レガシーポート搭載マザー！ECSよりAtom搭載Mini-ITXマザーボード
2,人気海外ドラマ『コバート・アフェア』が“アヘアへ”間寛平とまさかのコラボ
1,シマンテックより警告！　メールアドレスを収集する危険なアプリに要注意！
1,GALAXY TabもiPadも家電も充電できる！万能高容量ポータブルバッテリー【イケショップのレア物】
0,30歳から始める!?　“踊る女子”が続々出現！
1,蘇れ青春！俺のオリジナル編集MDをスマホで聞いてくれ計画
1,作品から溢れ出る音を感じよう！相星哲也の写真展「韻」の不思議【NEXT GENERATION】
2,「さらば、グリフィス」、『ベルセルク』前売り特典に刻まれた言葉の意味は？
0,婚活バカと呼ばれる独女たち！？
2,トム・クルーズから日本へ緊急ミッション「スパイを探せ！」
0,沖縄時間で癒してくれるスペシャルサイト「OKINAHOURS」がオープン
1,最新バージョンに追いつくことはできる？ Android端末選択指南【デジ通】
1,子供の一瞬の表情も逃さない！「EX-ZR300」開封レポート
0,【オトナ女子コミック部】26歳で処女。このまま一生“独女”かもしれない私の憂鬱。『ときめかない日記』
1,こんこん！紺子には秘策があるんだからねっ【紺子にゅうす】
2,『カーズ2』のジョン・ラセター監督がハリウッド殿堂入り
2,ポスターのテーマは、剣心の“封印された狂気”
2,60歳のリーアム・ニーソンが大自然に挑む！　全米初登場1位を獲得した話題作の特別映像が公開
0,あなたならどうする？ 女の嫉妬、男の嫉妬
0,兄弟がいる女、姉妹がいる女、人生得するのはどっち？【後編】
0,彼からのメールが途絶えたら？
1,イザというときのZohoがパワーアップ！ZohoのオフィスシリーズがGoogleドライブと連携
2,インタビュー：クロエ・グレース・モレッツ「人生は美しいと感じるはず」
1,英語の筆記体書けますか？ あなたも筆記体が書けるようになるアプリ【iPhoneでチャンスを掴め】
1,総勢20名を大募集！「feel Windows」オープン記念第一弾のレビューアー募集中
1,いつでもどこでも自分専用環境！　Ubuntu起動ができるUSBメモリーを作成！【デジ通】
1,FBのカバー部の見栄えをカッコ良く！「Facebook Cover Designer」【iPhoneでチャンスを掴め】
0,最初の女と結婚するのは「もったいない」のが男心？【結婚・男の本音編】
1,何だこの計算器みたいなの？ Googleロゴが怪しい計算尺みたいになっている理由
1,話題のスマホに強い味方！ドコモ MEDIAS ES N-05D用大型大容量バッテリー【モバステ通信】
2,佐藤健が斬りまくる！　世界配給も視野に入れた特報映像が公開
1,PCの次世代利用モデルを創出へ インテルつくばに新センター開設【デジ通】
0,あるある！「恋のおまじない」
2,最先端3Dで全長500メートル超の魔物たちが大暴れ
1,韓国・台湾に続くのは中国！世界に躍り出たZTEの日本侵食は避けられない【世界のモバイル】
0,経験者に聞いてみた「裁判員裁判って？」
1,2ステップで録画開始！ Youtubeやニコニコが録画できるB′s 動画レコーダー 2
0,女性たちが望む快適空間とは？
2,世界71カ国で第1位を記録した話題作の日本版予告編解禁
2,コント出演経験が決め手か!? 優香が長編アニメ映画の声優に抜擢される
2,“お嬢様”武井咲が制服姿で歌って踊る、小林武史が『愛と誠』音楽プロデュース
1,より低消費電力なCPUにも対応！　ZOTACのmini-ITXマザーがXeon E3シリーズをサポート
2,今話題の女性アイドルが一堂に会した究極の映画
2,iTunes史上最高のダウンロード数を記録した『ダークナイト　ライジング』の予告映像を公開
0,お父さんや兄弟が理想の男性？
1,国内主要空港でのサポートを拡充！テレコムスクェア新オープン＆リニューアル！
2,セクシー女優が賛否両論を覚悟で被災地へメッセージ
1,ユーザー同士が情報交換できる！総合レビューサイト「iriver Review Portal」がスタート
0,バツイチ男性がモテる理由
2,“本当の強さ”に和田アキ子が男泣き、上戸彩が今年一番泣いた映画
2,インタビュー：鼠先輩「こう見えて脱獄経験なし」
1,その前にやることあるだろ！孫社長の画期的な構想に賛否両論
2,オーランド・ブルームが初の悪役でポスト“ジャック・スパロウ”に
0,新『エスプリーク』のイメージキャラクターに安室奈美恵を起用！
2,新しい映画の楽しみ方、続きはセカンド・スクリーンで
0,独女世代が気になる女の条件とは
1,計算式をすばやくチェックできるExcelの便利ワザ【知っ得！虎の巻】
1,デルの新Ultrabookは光学ドライブ付き！14.3インチディスプレイの「Inspiron 14z」登場
2,一緒に逃避行したくなる？ 脱獄映画に名作あり
0,「おばさん」と呼ばれたら？ そのときあなたは？
2,【いちおう妖ヶ劇場】第11話：男は闘うために筋肉を鍛えマッスルの巻
1,同窓会や女子会で大活躍！　Facebookで簡単イベント作成【知っ得！虎の巻】
2,仮面ライダーヒロインの清水富美加、舞台挨拶で緊張状態が大気圏突破
0,税金を払うのは私たちなんですけど！
1,大容量なのに軽い！スマホもタブレットもこれ1個で充電できる実用度の高い「i・mee」
1,デジ一眼に匹敵する最強コンデジ！情報満載の怒濤の1日を振り返る【ITフラッシュバック】
2,椿鬼奴が弓でヴァンパイア退治「ハリウッドに進出したい」
1,上部タブが追加されてさらにできるようになった“俺だけポータル”「ライフリスト」
1,Facebook使いこなしも指南！ Office系ネットサービスの使い方まで使い方指南【知っ得！虎の巻】
0,悩ましき女友だちとの格差問題
2,原著作者のクレジットを表示し、ニュース記事の改変をしないことを条件に、記事全文を
0,【オトナ女子のリアルな悩み】バツイチでは恋はできませんか？
1,高性能で低消費電力！インテル吉田社長が語る、IVY Bridgeの魅力
1,先頭行を固定したままスクロールするには？−−今さら聞けないExcelワザ【知っ得・虎の巻】
2,【速報】「第84回アカデミー賞」ノミネート発表、『ヒューゴの不思議な発明』が最多11部門
1,Time-Lapse（微速度）撮影ができるカメラ！ COMPTEX TAIPEIで見つけたオモシロガジェット【デジ通】
1,おはこんです！紺子のＭＭＤ動画が流れる予定ですっ【紺子にゅうす】
1,先週気になったニュースや話題を振り返る「ITフラッシュバック」
2,カンヌ国際映画祭で出会った2つの才能が生み出した“五感に訴えかける”映画
2,「海底基地が古代文明の正体」 未知の文明に対する専門家の答え
1,川面を流れる花弁の美しさに感動！　散った桜が川面を埋め尽くす光景のあまりの美しさが話題に
0,ガラケー感覚で使える次世代スマホを要チェック！
0,ドクター圭子の知らなきゃケガするオトナの医学vol.2  Presented by ゆるっとcafe
2,ついに鎖ははずされた。ディカプリオの悪すぎるカオがヤバい、『ジャンゴ』米版予告編が公開
0,このまま独女でいるなら家はどうする？ 独女たちの住宅事情
1,ありがとうございます！孫社長 丸坊主アイコンに″およっ″
2,死ぬまで戦え！　『スターシップ・トゥルーパーズ』昆虫と人類の壮絶な戦いが再び
2,『ミッション：8ミニッツ』繰り返される“8分間”の悪夢に隠された真実とは
0,髪以外に白髪発見！ あなたはどこに？
0,東京23区女ひとり風呂vol.09「荒川区・オトコに背中を流してもらう」presented byゆるっとcafe
2,ファン必見！　『ダークナイト ライジング』の特典グッズ付き前売り券がスゴイ
2,【週末映画まとめ読み】沢尻エリカ、活動休止の原因とは？
1,Ubuntuをこまめにアップデート 専用ソフトで安全・安心に行える【デジ通】
0,2回目の出会いって重要？
1,Excelで8桁の数字をまとめて日付データにする【知っ得・虎の巻】
1,投稿によって公開範囲を決めたい人のFacebookワザ【知っ得！虎の巻】
1,無料PDF作成ソフトを大活用！PDFでビジネスが変わる【知っ得！虎の巻】
0,親から「まだ結婚しないの？」と言われなくなる時
2,KARA・ニコルが映画初出演、メイキング＆コメントを公開
0,【オトナ女子のリアルな悩み】付き合って10年。未だ結婚に進みません
0,全然好きなタイプの男性じゃないのに、匂いで惹かれてしまうとき
2,マット・デイモンの優しい眼差し、『幸せへのキセキ』のポスター公開
2,【DVDエンター！】2011年興行収入No.1、10年の壮大な物語が遂に完結
2,上島竜兵が「出川には負けない！」と極秘実験でイケメンマッチョに変身
2,禁断の実験で蘇った“フラン犬”、7つの秘密が明らかに
0,女子力低めでもなぜかモテる“WEBメディア女子”の実態とは!?
2,ピクサーが仕掛ける新たな挑戦とは？
1,待望のiPhone版Google Driveがついに登場！　いつでもどこでもスケジュールや計算書をチェック【知っ得！虎の巻】
2,【週末映画まとめ読み】香里奈、超ミニのワンピース姿で美脚を披露
0,天然はなぜモテルのか？
2,【DVDエンター！】エレベーターという密室に潜む“殺人犯＝デビル”
0,【オトナ女子コミック部】すべての女は“ブス”である。女の毒素が臭気を放つコミックエッセイ『だから女はめんどくさい』
0,オタク男性を夫にしたら…!?
0,【オトナ女子映画部】貞淑な妻が“性”を解放！ それは開花か、堕落か？『恋の罪』
0,シングル女性が陥りやすい友達親子リスクとは
0,「運命の人」の見分け方
0,本日はお日柄もよく、結婚式は大安吉日に？
2,BeeTV『モテキ』が500万DL突破！久保ミツロウ書き下ろし特製待受をプレゼント
2,秋のデートムービー大本命!! 映画『ファイナル・デッドブリッジ』のココがスゴい
0,睡眠と生活改善でやせる！？ アラフォー向けの健全ダイエット
2,【週末映画まとめ読み】ミス青山学院が体を張って東京国際映画祭をPR ＜10月22日号＞
2,『アーティスト』を抑え、脚本賞を受賞したのは？
2,“AKB48の公式ライバル”乃木坂46が“アメイジング”な24時間生中継特番
0,理由は「傷つきたくない」。今ナンパと社内恋愛が激減中！
1,スマホ持ちで有線なアナタに！無線LAN親機になる超小型アダプター
2,カンヌ国際映画祭パルムドール受賞作『ツリー・オブ・ライフ』がアカデミー賞3部門ノミネート
2,【週末映画まとめ読み】川口春奈の学校の呪いか、怪奇現象が撮影スタッフを襲う
2,岩手、宮城、福島、東北3県で大規模「無料」上映を開催
0,「愛」も「萌え」も選べない！Presented by ゆるっとcafe
1,これからお花見の人は気を付けて！　春の宴のあとのあまりの酷さに唖然
2,エロスの伝道師の杉本彩が“お姫様抱っこ”「43年間追い求めた究極の男がいた」
2,映画『ベルセルク』の第2部、第3部の情報が解禁
2,工藤静香、『ジョン・カーター』絵画コンクールで作品発表
0,独女はどう思う？ カンガルーパパ急増中！
2,あやまんJAPANの奇行に記者も動揺　＜2011年インタビューまとめ vol.4＞
2,香里奈が青木裕子アナに突っ込み「何か発表とかありますか？」
2,【週末映画まとめ読み】やっぱり猿は強かった、『猿の惑星』が3週連続第1位 ＜10月29日号＞
0,結婚式に独女が振袖を着るのはアリかナシか？
1,ウィンドウを拡大し自在に動かす！プレゼンからPC操作の説明まで使える「ZoomIT」【PC快適術】
1,「Dropbox」のUbuntu版を試す Linuxでも同じ使いこなし！【デジ通】
0,年賀状に見るDQNネーム最前線
0,どうやっても貯められない30代女子の貯金改革!! Vol.3「『パーキンソンの法則』が30代女子を救う!?」 Presented by ゆるっとcafe
1,増税・値上げに負けない！ノートPCでできるネット収入アップ化計画
2,『バック・トゥ・ザ・フューチャー』に登場するデロリアン、世界30台限定で販売
